Url,Image,Name,Price
https://scrapeme.live/shop/Froakie/,https://scrapeme.live/wp-content/uploads/2018/08/656.png,Froakie,£38.00
https://scrapeme.live/shop/Gogoat/,https://scrapeme.live/wp-content/uploads/2018/08/673.png,Gogoat,£97.00
https://scrapeme.live/shop/Skiddo/,https://scrapeme.live/wp-content/uploads/2018/08/672.png,Skiddo,£129.00
https://scrapeme.live/shop/Florges/,https://scrapeme.live/wp-content/uploads/2018/08/671.png,Florges,£93.00
https://scrapeme.live/shop/Floette/,https://scrapeme.live/wp-content/uploads/2018/08/670.png,Floette,£149.00
https://scrapeme.live/shop/Flabebe/,https://scrapeme.live/wp-content/uploads/2018/08/669.png,Flabebe,£79.00
https://scrapeme.live/shop/Pyroar/,https://scrapeme.live/wp-content/uploads/2018/08/668.png,Pyroar,£127.00
https://scrapeme.live/shop/Litleo/,https://scrapeme.live/wp-content/uploads/2018/08/667.png,Litleo,£34.00
https://scrapeme.live/shop/Vivillon/,https://scrapeme.live/wp-content/uploads/2018/08/666.png,Vivillon,£177.00
https://scrapeme.live/shop/Spewpa/,https://scrapeme.live/wp-content/uploads/2018/08/665.png,Spewpa,£155.00
https://scrapeme.live/shop/Scatterbug/,https://scrapeme.live/wp-content/uploads/2018/08/664.png,Scatterbug,£40.00
https://scrapeme.live/shop/Talonflame/,https://scrapeme.live/wp-content/uploads/2018/08/663.png,Talonflame,£84.00
https://scrapeme.live/shop/Fletchinder/,https://scrapeme.live/wp-content/uploads/2018/08/662.png,Fletchinder,£147.00
https://scrapeme.live/shop/Fletchling/,https://scrapeme.live/wp-content/uploads/2018/08/661.png,Fletchling,£43.00
https://scrapeme.live/shop/Bunnelby/,https://scrapeme.live/wp-content/uploads/2018/08/659.png,Bunnelby,£66.00
https://scrapeme.live/shop/Greninja/,https://scrapeme.live/wp-content/uploads/2018/08/658.png,Greninja,£42.00
https://scrapeme.live/shop/Frogadier/,https://scrapeme.live/wp-content/uploads/2018/08/657.png,Frogadier,£125.00
https://scrapeme.live/shop/Delphox/,https://scrapeme.live/wp-content/uploads/2018/08/655.png,Delphox,£170.00
https://scrapeme.live/shop/Braixen/,https://scrapeme.live/wp-content/uploads/2018/08/654.png,Braixen,£59.00
https://scrapeme.live/shop/Fennekin/,https://scrapeme.live/wp-content/uploads/2018/08/653.png,Fennekin,£123.00
https://scrapeme.live/shop/Chesnaught/,https://scrapeme.live/wp-content/uploads/2018/08/652.png,Chesnaught,£96.00
https://scrapeme.live/shop/Quilladin/,https://scrapeme.live/wp-content/uploads/2018/08/651.png,Quilladin,£161.00
https://scrapeme.live/shop/Chespin/,https://scrapeme.live/wp-content/uploads/2018/08/650.png,Chespin,£185.00
https://scrapeme.live/shop/Genesect/,https://scrapeme.live/wp-content/uploads/2018/08/649.png,Genesect,£173.00
https://scrapeme.live/shop/Zekrom/,https://scrapeme.live/wp-content/uploads/2018/08/644.png,Zekrom,£135.00
https://scrapeme.live/shop/Reshiram/,https://scrapeme.live/wp-content/uploads/2018/08/643.png,Reshiram,£147.00
https://scrapeme.live/shop/Virizion/,https://scrapeme.live/wp-content/uploads/2018/08/640.png,Virizion,£156.00
https://scrapeme.live/shop/Terrakion/,https://scrapeme.live/wp-content/uploads/2018/08/639.png,Terrakion,£87.00
https://scrapeme.live/shop/Cobalion/,https://scrapeme.live/wp-content/uploads/2018/08/638.png,Cobalion,£111.00
https://scrapeme.live/shop/Volcarona/,https://scrapeme.live/wp-content/uploads/2018/08/637.png,Volcarona,£94.00
https://scrapeme.live/shop/Hydreigon/,https://scrapeme.live/wp-content/uploads/2018/08/635.png,Hydreigon,£86.00
https://scrapeme.live/shop/Zweilous/,https://scrapeme.live/wp-content/uploads/2018/08/634.png,Zweilous,£199.00
https://scrapeme.live/shop/Dragalge/,https://scrapeme.live/wp-content/uploads/2018/08/691.png,Dragalge,£151.00
https://scrapeme.live/shop/Skrelp/,https://scrapeme.live/wp-content/uploads/2018/08/690.png,Skrelp,£63.00
https://scrapeme.live/shop/Barbaracle/,https://scrapeme.live/wp-content/uploads/2018/08/689.png,Barbaracle,£165.00
https://scrapeme.live/shop/Binacle/,https://scrapeme.live/wp-content/uploads/2018/08/688.png,Binacle,£102.00
https://scrapeme.live/shop/Malamar/,https://scrapeme.live/wp-content/uploads/2018/08/687.png,Malamar,£58.00
https://scrapeme.live/shop/Inkay/,https://scrapeme.live/wp-content/uploads/2018/08/686.png,Inkay,£38.00
https://scrapeme.live/shop/Slurpuff/,https://scrapeme.live/wp-content/uploads/2018/08/685.png,Slurpuff,£66.00
https://scrapeme.live/shop/Swirlix/,https://scrapeme.live/wp-content/uploads/2018/08/684.png,Swirlix,£90.00
https://scrapeme.live/shop/Aromatisse/,https://scrapeme.live/wp-content/uploads/2018/08/683.png,Aromatisse,£194.00
https://scrapeme.live/shop/Spritzee/,https://scrapeme.live/wp-content/uploads/2018/08/682.png,Spritzee,£58.00
https://scrapeme.live/shop/Doublade/,https://scrapeme.live/wp-content/uploads/2018/08/680.png,Doublade,£164.00
https://scrapeme.live/shop/Honedge/,https://scrapeme.live/wp-content/uploads/2018/08/679.png,Honedge,£101.00
https://scrapeme.live/shop/Espurr/,https://scrapeme.live/wp-content/uploads/2018/08/677.png,Espurr,£149.00
https://scrapeme.live/shop/Furfrou/,https://scrapeme.live/wp-content/uploads/2018/08/676.png,Furfrou,£165.00
https://scrapeme.live/shop/Pangoro/,https://scrapeme.live/wp-content/uploads/2018/08/675.png,Pangoro,£76.00
https://scrapeme.live/shop/Cottonee/,https://scrapeme.live/wp-content/uploads/2018/08/546.png,Cottonee,£77.00
https://scrapeme.live/shop/Scolipede/,https://scrapeme.live/wp-content/uploads/2018/08/545.png,Scolipede,£153.00
https://scrapeme.live/shop/Whirlipede/,https://scrapeme.live/wp-content/uploads/2018/08/544.png,Whirlipede,£84.00
https://scrapeme.live/shop/Venipede/,https://scrapeme.live/wp-content/uploads/2018/08/543.png,Venipede,£87.00
https://scrapeme.live/shop/Leavanny/,https://scrapeme.live/wp-content/uploads/2018/08/542.png,Leavanny,£130.00
https://scrapeme.live/shop/Swadloon/,https://scrapeme.live/wp-content/uploads/2018/08/541.png,Swadloon,£107.00
https://scrapeme.live/shop/Sewaddle/,https://scrapeme.live/wp-content/uploads/2018/08/540.png,Sewaddle,£40.00
https://scrapeme.live/shop/Sawk/,https://scrapeme.live/wp-content/uploads/2018/08/539.png,Sawk,£129.00
https://scrapeme.live/shop/Throh/,https://scrapeme.live/wp-content/uploads/2018/08/538.png,Throh,£43.00
https://scrapeme.live/shop/Seismitoad/,https://scrapeme.live/wp-content/uploads/2018/08/537.png,Seismitoad,£90.00
https://scrapeme.live/shop/Palpitoad/,https://scrapeme.live/wp-content/uploads/2018/08/536.png,Palpitoad,£117.00
https://scrapeme.live/shop/Conkeldurr/,https://scrapeme.live/wp-content/uploads/2018/08/534.png,Conkeldurr,£72.00
https://scrapeme.live/shop/Gurdurr/,https://scrapeme.live/wp-content/uploads/2018/08/533.png,Gurdurr,£179.00
https://scrapeme.live/shop/Timburr/,https://scrapeme.live/wp-content/uploads/2018/08/532.png,Timburr,£194.00
https://scrapeme.live/shop/Audino/,https://scrapeme.live/wp-content/uploads/2018/08/531.png,Audino,£95.00
https://scrapeme.live/shop/Sentret/,https://scrapeme.live/wp-content/uploads/2018/08/161.png,Sentret,£48.00
https://scrapeme.live/shop/Feraligatr/,https://scrapeme.live/wp-content/uploads/2018/08/160.png,Feraligatr,£183.00
https://scrapeme.live/shop/Croconaw/,https://scrapeme.live/wp-content/uploads/2018/08/159.png,Croconaw,£175.00
https://scrapeme.live/shop/Totodile/,https://scrapeme.live/wp-content/uploads/2018/08/158.png,Totodile,£190.00
https://scrapeme.live/shop/Typhlosion/,https://scrapeme.live/wp-content/uploads/2018/08/157.png,Typhlosion,£191.00
https://scrapeme.live/shop/Quilava/,https://scrapeme.live/wp-content/uploads/2018/08/156.png,Quilava,£85.00
https://scrapeme.live/shop/Cyndaquil/,https://scrapeme.live/wp-content/uploads/2018/08/155.png,Cyndaquil,£154.00
https://scrapeme.live/shop/Meganium/,https://scrapeme.live/wp-content/uploads/2018/08/154.png,Meganium,£163.00
https://scrapeme.live/shop/Bayleef/,https://scrapeme.live/wp-content/uploads/2018/08/153.png,Bayleef,£44.00
https://scrapeme.live/shop/Chikorita/,https://scrapeme.live/wp-content/uploads/2018/08/152.png,Chikorita,£127.00
https://scrapeme.live/shop/Mew/,https://scrapeme.live/wp-content/uploads/2018/08/151.png,Mew,£136.00
https://scrapeme.live/shop/Mewtwo/,https://scrapeme.live/wp-content/uploads/2018/08/150.png,Mewtwo,£43.00
https://scrapeme.live/shop/Dragonite/,https://scrapeme.live/wp-content/uploads/2018/08/149.png,Dragonite,£69.00
https://scrapeme.live/shop/Dragonair/,https://scrapeme.live/wp-content/uploads/2018/08/148.png,Dragonair,£57.00
https://scrapeme.live/shop/Dratini/,https://scrapeme.live/wp-content/uploads/2018/08/147.png,Dratini,£94.00
https://scrapeme.live/shop/Durant/,https://scrapeme.live/wp-content/uploads/2018/08/632.png,Durant,£28.00
https://scrapeme.live/shop/Heatmor/,https://scrapeme.live/wp-content/uploads/2018/08/631.png,Heatmor,£81.00
https://scrapeme.live/shop/Mandibuzz/,https://scrapeme.live/wp-content/uploads/2018/08/630.png,Mandibuzz,£89.00
https://scrapeme.live/shop/Vullaby/,https://scrapeme.live/wp-content/uploads/2018/08/629.png,Vullaby,£61.00
https://scrapeme.live/shop/Braviary/,https://scrapeme.live/wp-content/uploads/2018/08/628.png,Braviary,£83.00
https://scrapeme.live/shop/Rufflet/,https://scrapeme.live/wp-content/uploads/2018/08/627.png,Rufflet,£60.00
https://scrapeme.live/shop/Bouffalant/,https://scrapeme.live/wp-content/uploads/2018/08/626.png,Bouffalant,£59.00
https://scrapeme.live/shop/Bisharp/,https://scrapeme.live/wp-content/uploads/2018/08/625.png,Bisharp,£129.00
https://scrapeme.live/shop/Pawniard/,https://scrapeme.live/wp-content/uploads/2018/08/624.png,Pawniard,£37.00
https://scrapeme.live/shop/Golurk/,https://scrapeme.live/wp-content/uploads/2018/08/623.png,Golurk,£74.00
https://scrapeme.live/shop/Golett/,https://scrapeme.live/wp-content/uploads/2018/08/622.png,Golett,£89.00
https://scrapeme.live/shop/Druddigon/,https://scrapeme.live/wp-content/uploads/2018/08/621.png,Druddigon,£110.00
https://scrapeme.live/shop/Mienshao/,https://scrapeme.live/wp-content/uploads/2018/08/620.png,Mienshao,£50.00
https://scrapeme.live/shop/Mienfoo/,https://scrapeme.live/wp-content/uploads/2018/08/619.png,Mienfoo,£197.00
https://scrapeme.live/shop/Stunfisk/,https://scrapeme.live/wp-content/uploads/2018/08/618.png,Stunfisk,£67.00
https://scrapeme.live/shop/Shelmet/,https://scrapeme.live/wp-content/uploads/2018/08/616.png,Shelmet,£190.00
https://scrapeme.live/shop/Cryogonal/,https://scrapeme.live/wp-content/uploads/2018/08/615.png,Cryogonal,£72.00
https://scrapeme.live/shop/Beartic/,https://scrapeme.live/wp-content/uploads/2018/08/614.png,Beartic,£28.00
https://scrapeme.live/shop/Cubchoo/,https://scrapeme.live/wp-content/uploads/2018/08/613.png,Cubchoo,£62.00
https://scrapeme.live/shop/Haxorus/,https://scrapeme.live/wp-content/uploads/2018/08/612.png,Haxorus,£135.00
https://scrapeme.live/shop/Fraxure/,https://scrapeme.live/wp-content/uploads/2018/08/611.png,Fraxure,£64.00
https://scrapeme.live/shop/Axew/,https://scrapeme.live/wp-content/uploads/2018/08/610.png,Axew,£123.00
https://scrapeme.live/shop/Lampent/,https://scrapeme.live/wp-content/uploads/2018/08/608.png,Lampent,£157.00
https://scrapeme.live/shop/Litwick/,https://scrapeme.live/wp-content/uploads/2018/08/607.png,Litwick,£37.00
https://scrapeme.live/shop/Beheeyem/,https://scrapeme.live/wp-content/uploads/2018/08/606.png,Beheeyem,£34.00
https://scrapeme.live/shop/Elgyem/,https://scrapeme.live/wp-content/uploads/2018/08/605.png,Elgyem,£107.00
https://scrapeme.live/shop/Eelektross/,https://scrapeme.live/wp-content/uploads/2018/08/604.png,Eelektross,£123.00
https://scrapeme.live/shop/Eelektrik/,https://scrapeme.live/wp-content/uploads/2018/08/603.png,Eelektrik,£198.00
https://scrapeme.live/shop/Tynamo/,https://scrapeme.live/wp-content/uploads/2018/08/602.png,Tynamo,£82.00
https://scrapeme.live/shop/Klinklang/,https://scrapeme.live/wp-content/uploads/2018/08/601.png,Klinklang,£178.00
https://scrapeme.live/shop/Klink/,https://scrapeme.live/wp-content/uploads/2018/08/599.png,Klink,£75.00
https://scrapeme.live/shop/Ferrothorn/,https://scrapeme.live/wp-content/uploads/2018/08/598.png,Ferrothorn,£182.00
https://scrapeme.live/shop/Ferroseed/,https://scrapeme.live/wp-content/uploads/2018/08/597.png,Ferroseed,£81.00
https://scrapeme.live/shop/Galvantula/,https://scrapeme.live/wp-content/uploads/2018/08/596.png,Galvantula,£57.00
https://scrapeme.live/shop/Joltik/,https://scrapeme.live/wp-content/uploads/2018/08/595.png,Joltik,£59.00
https://scrapeme.live/shop/Alomomola/,https://scrapeme.live/wp-content/uploads/2018/08/594.png,Alomomola,£35.00
https://scrapeme.live/shop/Jellicent/,https://scrapeme.live/wp-content/uploads/2018/08/593.png,Jellicent,£114.00
https://scrapeme.live/shop/Frillish/,https://scrapeme.live/wp-content/uploads/2018/08/592.png,Frillish,£63.00
https://scrapeme.live/shop/Foongus/,https://scrapeme.live/wp-content/uploads/2018/08/590.png,Foongus,£129.00
https://scrapeme.live/shop/Escavalier/,https://scrapeme.live/wp-content/uploads/2018/08/589.png,Escavalier,£189.00
https://scrapeme.live/shop/Karrablast/,https://scrapeme.live/wp-content/uploads/2018/08/588.png,Karrablast,£41.00
https://scrapeme.live/shop/Sawsbuck/,https://scrapeme.live/wp-content/uploads/2018/08/586.png,Sawsbuck,£76.00
https://scrapeme.live/shop/Deerling/,https://scrapeme.live/wp-content/uploads/2018/08/585.png,Deerling,£141.00
https://scrapeme.live/shop/Vanilluxe/,https://scrapeme.live/wp-content/uploads/2018/08/584.png,Vanilluxe,£89.00
https://scrapeme.live/shop/Vanillish/,https://scrapeme.live/wp-content/uploads/2018/08/583.png,Vanillish,£93.00
https://scrapeme.live/shop/Swanna/,https://scrapeme.live/wp-content/uploads/2018/08/581.png,Swanna,£36.00
https://scrapeme.live/shop/Ducklett/,https://scrapeme.live/wp-content/uploads/2018/08/580.png,Ducklett,£159.00
https://scrapeme.live/shop/Reuniclus/,https://scrapeme.live/wp-content/uploads/2018/08/579.png,Reuniclus,£168.00
https://scrapeme.live/shop/Duosion/,https://scrapeme.live/wp-content/uploads/2018/08/578.png,Duosion,£71.00
https://scrapeme.live/shop/Solosis/,https://scrapeme.live/wp-content/uploads/2018/08/577.png,Solosis,£134.00
https://scrapeme.live/shop/Gothitelle/,https://scrapeme.live/wp-content/uploads/2018/08/576.png,Gothitelle,£164.00
https://scrapeme.live/shop/Gothorita/,https://scrapeme.live/wp-content/uploads/2018/08/575.png,Gothorita,£189.00
https://scrapeme.live/shop/Gothita/,https://scrapeme.live/wp-content/uploads/2018/08/574.png,Gothita,£68.00
https://scrapeme.live/shop/Cinccino/,https://scrapeme.live/wp-content/uploads/2018/08/573.png,Cinccino,£154.00
https://scrapeme.live/shop/Minccino/,https://scrapeme.live/wp-content/uploads/2018/08/572.png,Minccino,£79.00
https://scrapeme.live/shop/Zorua/,https://scrapeme.live/wp-content/uploads/2018/08/570.png,Zorua,£81.00
https://scrapeme.live/shop/Garbodor/,https://scrapeme.live/wp-content/uploads/2018/08/569.png,Garbodor,£178.00
https://scrapeme.live/shop/Trubbish/,https://scrapeme.live/wp-content/uploads/2018/08/568.png,Trubbish,£169.00
https://scrapeme.live/shop/Archeops/,https://scrapeme.live/wp-content/uploads/2018/08/567.png,Archeops,£126.00
https://scrapeme.live/shop/Archen/,https://scrapeme.live/wp-content/uploads/2018/08/566.png,Archen,£140.00
https://scrapeme.live/shop/Aron/,https://scrapeme.live/wp-content/uploads/2018/08/304.png,Aron,£149.00
https://scrapeme.live/shop/Drilbur/,https://scrapeme.live/wp-content/uploads/2018/08/529.png,Drilbur,£132.00
https://scrapeme.live/shop/Swoobat/,https://scrapeme.live/wp-content/uploads/2018/08/528.png,Swoobat,£49.00
https://scrapeme.live/shop/Woobat/,https://scrapeme.live/wp-content/uploads/2018/08/527.png,Woobat,£27.00
https://scrapeme.live/shop/Gigalith/,https://scrapeme.live/wp-content/uploads/2018/08/526.png,Gigalith,£67.00
https://scrapeme.live/shop/Boldore/,https://scrapeme.live/wp-content/uploads/2018/08/525.png,Boldore,£76.00
https://scrapeme.live/shop/Roggenrola/,https://scrapeme.live/wp-content/uploads/2018/08/524.png,Roggenrola,£41.00
https://scrapeme.live/shop/Zebstrika/,https://scrapeme.live/wp-content/uploads/2018/08/523.png,Zebstrika,£138.00
https://scrapeme.live/shop/Unfezant/,https://scrapeme.live/wp-content/uploads/2018/08/521.png,Unfezant,£135.00
https://scrapeme.live/shop/Tranquill/,https://scrapeme.live/wp-content/uploads/2018/08/520.png,Tranquill,£199.00
https://scrapeme.live/shop/Pidove/,https://scrapeme.live/wp-content/uploads/2018/08/519.png,Pidove,£172.00
https://scrapeme.live/shop/Musharna/,https://scrapeme.live/wp-content/uploads/2018/08/518.png,Musharna,£58.00
https://scrapeme.live/shop/Munna/,https://scrapeme.live/wp-content/uploads/2018/08/517.png,Munna,£172.00
https://scrapeme.live/shop/Simipour/,https://scrapeme.live/wp-content/uploads/2018/08/516.png,Simipour,£61.00
https://scrapeme.live/shop/Panpour/,https://scrapeme.live/wp-content/uploads/2018/08/515.png,Panpour,£52.00
https://scrapeme.live/shop/Simisear/,https://scrapeme.live/wp-content/uploads/2018/08/514.png,Simisear,£38.00
https://scrapeme.live/shop/Tirtouga/,https://scrapeme.live/wp-content/uploads/2018/08/564.png,Tirtouga,£60.00
https://scrapeme.live/shop/Cofagrigus/,https://scrapeme.live/wp-content/uploads/2018/08/563.png,Cofagrigus,£160.00
https://scrapeme.live/shop/Yamask/,https://scrapeme.live/wp-content/uploads/2018/08/562.png,Yamask,£171.00
https://scrapeme.live/shop/Sigilyph/,https://scrapeme.live/wp-content/uploads/2018/08/561.png,Sigilyph,£68.00
https://scrapeme.live/shop/Scrafty/,https://scrapeme.live/wp-content/uploads/2018/08/560.png,Scrafty,£137.00
https://scrapeme.live/shop/Scraggy/,https://scrapeme.live/wp-content/uploads/2018/08/559.png,Scraggy,£112.00
https://scrapeme.live/shop/Crustle/,https://scrapeme.live/wp-content/uploads/2018/08/558.png,Crustle,£105.00
https://scrapeme.live/shop/Dwebble/,https://scrapeme.live/wp-content/uploads/2018/08/557.png,Dwebble,£75.00
https://scrapeme.live/shop/Maractus/,https://scrapeme.live/wp-content/uploads/2018/08/556.png,Maractus,£31.00
https://scrapeme.live/shop/Darumaka/,https://scrapeme.live/wp-content/uploads/2018/08/554.png,Darumaka,£106.00
https://scrapeme.live/shop/Krookodile/,https://scrapeme.live/wp-content/uploads/2018/08/553.png,Krookodile,£185.00
https://scrapeme.live/shop/Krokorok/,https://scrapeme.live/wp-content/uploads/2018/08/552.png,Krokorok,£135.00
https://scrapeme.live/shop/Sandile/,https://scrapeme.live/wp-content/uploads/2018/08/551.png,Sandile,£136.00
https://scrapeme.live/shop/Lilligant/,https://scrapeme.live/wp-content/uploads/2018/08/549.png,Lilligant,£137.00
https://scrapeme.live/shop/Petilil/,https://scrapeme.live/wp-content/uploads/2018/08/548.png,Petilil,£118.00
https://scrapeme.live/shop/Jynx/,https://scrapeme.live/wp-content/uploads/2018/08/124.png,Jynx,£138.00
https://scrapeme.live/shop/Seedot/,https://scrapeme.live/wp-content/uploads/2018/08/273.png,Seedot,£26.00
https://scrapeme.live/shop/Ludicolo/,https://scrapeme.live/wp-content/uploads/2018/08/272.png,Ludicolo,£189.00
https://scrapeme.live/shop/Whismur/,https://scrapeme.live/wp-content/uploads/2018/08/293.png,Whismur,£137.00
https://scrapeme.live/shop/Shedinja/,https://scrapeme.live/wp-content/uploads/2018/08/292.png,Shedinja,£128.00
https://scrapeme.live/shop/Ninjask/,https://scrapeme.live/wp-content/uploads/2018/08/291.png,Ninjask,£161.00
https://scrapeme.live/shop/Nincada/,https://scrapeme.live/wp-content/uploads/2018/08/290.png,Nincada,£38.00
https://scrapeme.live/shop/Slaking/,https://scrapeme.live/wp-content/uploads/2018/08/289.png,Slaking,£119.00
https://scrapeme.live/shop/Vigoroth/,https://scrapeme.live/wp-content/uploads/2018/08/288.png,Vigoroth,£25.00
https://scrapeme.live/shop/Slakoth/,https://scrapeme.live/wp-content/uploads/2018/08/287.png,Slakoth,£69.00
https://scrapeme.live/shop/Breloom/,https://scrapeme.live/wp-content/uploads/2018/08/286.png,Breloom,£113.00
https://scrapeme.live/shop/Shroomish/,https://scrapeme.live/wp-content/uploads/2018/08/285.png,Shroomish,£31.00
https://scrapeme.live/shop/Masquerain/,https://scrapeme.live/wp-content/uploads/2018/08/284.png,Masquerain,£39.00
https://scrapeme.live/shop/Surskit/,https://scrapeme.live/wp-content/uploads/2018/08/283.png,Surskit,£112.00
https://scrapeme.live/shop/Gardevoir/,https://scrapeme.live/wp-content/uploads/2018/08/282.png,Gardevoir,£34.00
https://scrapeme.live/shop/Kirlia/,https://scrapeme.live/wp-content/uploads/2018/08/281.png,Kirlia,£186.00
https://scrapeme.live/shop/Ralts/,https://scrapeme.live/wp-content/uploads/2018/08/280.png,Ralts,£151.00
https://scrapeme.live/shop/Pelipper/,https://scrapeme.live/wp-content/uploads/2018/08/279.png,Pelipper,£158.00
https://scrapeme.live/shop/Simisage/,https://scrapeme.live/wp-content/uploads/2018/08/512.png,Simisage,£98.00
https://scrapeme.live/shop/Pansage/,https://scrapeme.live/wp-content/uploads/2018/08/511.png,Pansage,£197.00
https://scrapeme.live/shop/Liepard/,https://scrapeme.live/wp-content/uploads/2018/08/510.png,Liepard,£104.00
https://scrapeme.live/shop/Purrloin/,https://scrapeme.live/wp-content/uploads/2018/08/509.png,Purrloin,£167.00
https://scrapeme.live/shop/Stoutland/,https://scrapeme.live/wp-content/uploads/2018/08/508.png,Stoutland,£37.00
https://scrapeme.live/shop/Herdier/,https://scrapeme.live/wp-content/uploads/2018/08/507.png,Herdier,£164.00
https://scrapeme.live/shop/Lillipup/,https://scrapeme.live/wp-content/uploads/2018/08/506.png,Lillipup,£28.00
https://scrapeme.live/shop/Watchog/,https://scrapeme.live/wp-content/uploads/2018/08/505.png,Watchog,£141.00
https://scrapeme.live/shop/Patrat/,https://scrapeme.live/wp-content/uploads/2018/08/504.png,Patrat,£116.00
https://scrapeme.live/shop/Samurott/,https://scrapeme.live/wp-content/uploads/2018/08/503.png,Samurott,£106.00
https://scrapeme.live/shop/Dewott/,https://scrapeme.live/wp-content/uploads/2018/08/502.png,Dewott,£57.00
https://scrapeme.live/shop/Oshawott/,https://scrapeme.live/wp-content/uploads/2018/08/501.png,Oshawott,£194.00
https://scrapeme.live/shop/Emboar/,https://scrapeme.live/wp-content/uploads/2018/08/500.png,Emboar,£32.00
https://scrapeme.live/shop/Pignite/,https://scrapeme.live/wp-content/uploads/2018/08/499.png,Pignite,£149.00
https://scrapeme.live/shop/Tepig/,https://scrapeme.live/wp-content/uploads/2018/08/498.png,Tepig,£195.00
https://scrapeme.live/shop/Blaziken/,https://scrapeme.live/wp-content/uploads/2018/08/257.png,Blaziken,£40.00
https://scrapeme.live/shop/Rockruff/,https://scrapeme.live/wp-content/uploads/2018/08/744.png,Rockruff,£149.00
https://scrapeme.live/shop/Ribombee/,https://scrapeme.live/wp-content/uploads/2018/08/743.png,Ribombee,£100.00
https://scrapeme.live/shop/Cutiefly/,https://scrapeme.live/wp-content/uploads/2018/08/742.png,Cutiefly,£118.00
https://scrapeme.live/shop/Crabominable/,https://scrapeme.live/wp-content/uploads/2018/08/740.png,Crabominable,£65.00
https://scrapeme.live/shop/Crabrawler/,https://scrapeme.live/wp-content/uploads/2018/08/739.png,Crabrawler,£181.00
https://scrapeme.live/shop/Vikavolt/,https://scrapeme.live/wp-content/uploads/2018/08/738.png,Vikavolt,£88.00
https://scrapeme.live/shop/Charjabug/,https://scrapeme.live/wp-content/uploads/2018/08/737.png,Charjabug,£76.00
https://scrapeme.live/shop/Grubbin/,https://scrapeme.live/wp-content/uploads/2018/08/736.png,Grubbin,£77.00
https://scrapeme.live/shop/Gumshoos/,https://scrapeme.live/wp-content/uploads/2018/08/735.png,Gumshoos,£123.00
https://scrapeme.live/shop/Yungoos/,https://scrapeme.live/wp-content/uploads/2018/08/734.png,Yungoos,£159.00
https://scrapeme.live/shop/Toucannon/,https://scrapeme.live/wp-content/uploads/2018/08/733.png,Toucannon,£77.00
https://scrapeme.live/shop/Trumbeak/,https://scrapeme.live/wp-content/uploads/2018/08/732.png,Trumbeak,£59.00
https://scrapeme.live/shop/Pikipek/,https://scrapeme.live/wp-content/uploads/2018/08/731.png,Pikipek,£51.00
https://scrapeme.live/shop/Primarina/,https://scrapeme.live/wp-content/uploads/2018/08/730.png,Primarina,£143.00
https://scrapeme.live/shop/Brionne/,https://scrapeme.live/wp-content/uploads/2018/08/729.png,Brionne,£172.00
https://scrapeme.live/shop/Incineroar/,https://scrapeme.live/wp-content/uploads/2018/08/727.png,Incineroar,£36.00
https://scrapeme.live/shop/Torracat/,https://scrapeme.live/wp-content/uploads/2018/08/726.png,Torracat,£184.00
https://scrapeme.live/shop/Litten/,https://scrapeme.live/wp-content/uploads/2018/08/725.png,Litten,£132.00
https://scrapeme.live/shop/Decidueye/,https://scrapeme.live/wp-content/uploads/2018/08/724.png,Decidueye,£106.00
https://scrapeme.live/shop/Dartrix/,https://scrapeme.live/wp-content/uploads/2018/08/723.png,Dartrix,£169.00
https://scrapeme.live/shop/Volcanion/,https://scrapeme.live/wp-content/uploads/2018/08/721.png,Volcanion,£45.00
https://scrapeme.live/shop/Hoopa/,https://scrapeme.live/wp-content/uploads/2018/08/720.png,Hoopa,£189.00
https://scrapeme.live/shop/Diancie/,https://scrapeme.live/wp-content/uploads/2018/08/719.png,Diancie,£27.00
https://scrapeme.live/shop/Zygarde/,https://scrapeme.live/wp-content/uploads/2018/08/718.png,Zygarde,£83.00
https://scrapeme.live/shop/Yveltal/,https://scrapeme.live/wp-content/uploads/2018/08/717.png,Yveltal,£59.00
https://scrapeme.live/shop/Xerneas/,https://scrapeme.live/wp-content/uploads/2018/08/716.png,Xerneas,£30.00
https://scrapeme.live/shop/Noivern/,https://scrapeme.live/wp-content/uploads/2018/08/715.png,Noivern,£75.00
https://scrapeme.live/shop/Noibat/,https://scrapeme.live/wp-content/uploads/2018/08/714.png,Noibat,£126.00
https://scrapeme.live/shop/Avalugg/,https://scrapeme.live/wp-content/uploads/2018/08/713.png,Avalugg,£71.00
https://scrapeme.live/shop/Bergmite/,https://scrapeme.live/wp-content/uploads/2018/08/712.png,Bergmite,£119.00
https://scrapeme.live/shop/Klefki/,https://scrapeme.live/wp-content/uploads/2018/08/707.png,Klefki,£179.00
https://scrapeme.live/shop/Goodra/,https://scrapeme.live/wp-content/uploads/2018/08/706.png,Goodra,£192.00
https://scrapeme.live/shop/Sliggoo/,https://scrapeme.live/wp-content/uploads/2018/08/705.png,Sliggoo,£109.00
https://scrapeme.live/shop/Goomy/,https://scrapeme.live/wp-content/uploads/2018/08/704.png,Goomy,£110.00
https://scrapeme.live/shop/Carbink/,https://scrapeme.live/wp-content/uploads/2018/08/703.png,Carbink,£171.00
https://scrapeme.live/shop/Dedenne/,https://scrapeme.live/wp-content/uploads/2018/08/702.png,Dedenne,£118.00
https://scrapeme.live/shop/Hawlucha/,https://scrapeme.live/wp-content/uploads/2018/08/701.png,Hawlucha,£44.00
https://scrapeme.live/shop/Sylveon/,https://scrapeme.live/wp-content/uploads/2018/08/700.png,Sylveon,£48.00
https://scrapeme.live/shop/Aurorus/,https://scrapeme.live/wp-content/uploads/2018/08/699.png,Aurorus,£189.00
https://scrapeme.live/shop/Amaura/,https://scrapeme.live/wp-content/uploads/2018/08/698.png,Amaura,£155.00
https://scrapeme.live/shop/Tyrantrum/,https://scrapeme.live/wp-content/uploads/2018/08/697.png,Tyrantrum,£26.00
https://scrapeme.live/shop/Tyrunt/,https://scrapeme.live/wp-content/uploads/2018/08/696.png,Tyrunt,£62.00
https://scrapeme.live/shop/Heliolisk/,https://scrapeme.live/wp-content/uploads/2018/08/695.png,Heliolisk,£83.00
https://scrapeme.live/shop/Helioptile/,https://scrapeme.live/wp-content/uploads/2018/08/694.png,Helioptile,£62.00
https://scrapeme.live/shop/Clawitzer/,https://scrapeme.live/wp-content/uploads/2018/08/693.png,Clawitzer,£69.00
https://scrapeme.live/shop/Weepinbell/,https://scrapeme.live/wp-content/uploads/2018/08/070.png,Weepinbell,£26.00
https://scrapeme.live/shop/Cubone/,https://scrapeme.live/wp-content/uploads/2018/08/104.png,Cubone,£177.00
https://scrapeme.live/shop/Bellsprout/,https://scrapeme.live/wp-content/uploads/2018/08/069.png,Bellsprout,£74.00
https://scrapeme.live/shop/Servine/,https://scrapeme.live/wp-content/uploads/2018/08/496.png,Servine,£154.00
https://scrapeme.live/shop/Snivy/,https://scrapeme.live/wp-content/uploads/2018/08/495.png,Snivy,£102.00
https://scrapeme.live/shop/Victini/,https://scrapeme.live/wp-content/uploads/2018/08/494.png,Victini,£109.00
https://scrapeme.live/shop/Arceus/,https://scrapeme.live/wp-content/uploads/2018/08/493.png,Arceus,£53.00
https://scrapeme.live/shop/Darkrai/,https://scrapeme.live/wp-content/uploads/2018/08/491.png,Darkrai,£59.00
https://scrapeme.live/shop/Manaphy/,https://scrapeme.live/wp-content/uploads/2018/08/490.png,Manaphy,£74.00
https://scrapeme.live/shop/Phione/,https://scrapeme.live/wp-content/uploads/2018/08/489.png,Phione,£155.00
https://scrapeme.live/shop/Cresselia/,https://scrapeme.live/wp-content/uploads/2018/08/488.png,Cresselia,£34.00
https://scrapeme.live/shop/Regigigas/,https://scrapeme.live/wp-content/uploads/2018/08/486.png,Regigigas,£77.00
https://scrapeme.live/shop/Heatran/,https://scrapeme.live/wp-content/uploads/2018/08/485.png,Heatran,£142.00
https://scrapeme.live/shop/Palkia/,https://scrapeme.live/wp-content/uploads/2018/08/484.png,Palkia,£151.00
https://scrapeme.live/shop/Dialga/,https://scrapeme.live/wp-content/uploads/2018/08/483.png,Dialga,£179.00
https://scrapeme.live/shop/Azelf/,https://scrapeme.live/wp-content/uploads/2018/08/482.png,Azelf,£32.00
https://scrapeme.live/shop/Mesprit/,https://scrapeme.live/wp-content/uploads/2018/08/481.png,Mesprit,£25.00
https://scrapeme.live/shop/Uxie/,https://scrapeme.live/wp-content/uploads/2018/08/480.png,Uxie,£200.00
https://scrapeme.live/shop/Blissey/,https://scrapeme.live/wp-content/uploads/2018/08/242.png,Blissey,£31.00
https://scrapeme.live/shop/Froslass/,https://scrapeme.live/wp-content/uploads/2018/08/478.png,Froslass,£86.00
https://scrapeme.live/shop/Dusknoir/,https://scrapeme.live/wp-content/uploads/2018/08/477.png,Dusknoir,£158.00
https://scrapeme.live/shop/Probopass/,https://scrapeme.live/wp-content/uploads/2018/08/476.png,Probopass,£181.00
https://scrapeme.live/shop/Gallade/,https://scrapeme.live/wp-content/uploads/2018/08/475.png,Gallade,£149.00
https://scrapeme.live/shop/Mamoswine/,https://scrapeme.live/wp-content/uploads/2018/08/473.png,Mamoswine,£104.00
https://scrapeme.live/shop/Gliscor/,https://scrapeme.live/wp-content/uploads/2018/08/472.png,Gliscor,£28.00
https://scrapeme.live/shop/Glaceon/,https://scrapeme.live/wp-content/uploads/2018/08/471.png,Glaceon,£142.00
https://scrapeme.live/shop/Leafeon/,https://scrapeme.live/wp-content/uploads/2018/08/470.png,Leafeon,£93.00
https://scrapeme.live/shop/Yanmega/,https://scrapeme.live/wp-content/uploads/2018/08/469.png,Yanmega,£121.00
https://scrapeme.live/shop/Togekiss/,https://scrapeme.live/wp-content/uploads/2018/08/468.png,Togekiss,£158.00
https://scrapeme.live/shop/Magmortar/,https://scrapeme.live/wp-content/uploads/2018/08/467.png,Magmortar,£200.00
https://scrapeme.live/shop/Electivire/,https://scrapeme.live/wp-content/uploads/2018/08/466.png,Electivire,£61.00
https://scrapeme.live/shop/Tangrowth/,https://scrapeme.live/wp-content/uploads/2018/08/465.png,Tangrowth,£108.00
https://scrapeme.live/shop/Rhyperior/,https://scrapeme.live/wp-content/uploads/2018/08/464.png,Rhyperior,£79.00
https://scrapeme.live/shop/Lickilicky/,https://scrapeme.live/wp-content/uploads/2018/08/463.png,Lickilicky,£101.00
https://scrapeme.live/shop/Stantler/,https://scrapeme.live/wp-content/uploads/2018/08/234.png,Stantler,£33.00
https://scrapeme.live/shop/Abomasnow/,https://scrapeme.live/wp-content/uploads/2018/08/460.png,Abomasnow,£46.00
https://scrapeme.live/shop/Snover/,https://scrapeme.live/wp-content/uploads/2018/08/459.png,Snover,£104.00
https://scrapeme.live/shop/Mantyke/,https://scrapeme.live/wp-content/uploads/2018/08/458.png,Mantyke,£121.00
https://scrapeme.live/shop/Lumineon/,https://scrapeme.live/wp-content/uploads/2018/08/457.png,Lumineon,£72.00
https://scrapeme.live/shop/Finneon/,https://scrapeme.live/wp-content/uploads/2018/08/456.png,Finneon,£172.00
https://scrapeme.live/shop/Carnivine/,https://scrapeme.live/wp-content/uploads/2018/08/455.png,Carnivine,£60.00
https://scrapeme.live/shop/Toxicroak/,https://scrapeme.live/wp-content/uploads/2018/08/454.png,Toxicroak,£145.00
https://scrapeme.live/shop/Croagunk/,https://scrapeme.live/wp-content/uploads/2018/08/453.png,Croagunk,£145.00
https://scrapeme.live/shop/Drapion/,https://scrapeme.live/wp-content/uploads/2018/08/452.png,Drapion,£72.00
https://scrapeme.live/shop/Skorupi/,https://scrapeme.live/wp-content/uploads/2018/08/451.png,Skorupi,£51.00
https://scrapeme.live/shop/Hippowdon/,https://scrapeme.live/wp-content/uploads/2018/08/450.png,Hippowdon,£140.00
https://scrapeme.live/shop/Hippopotas/,https://scrapeme.live/wp-content/uploads/2018/08/449.png,Hippopotas,£189.00
https://scrapeme.live/shop/Lucario/,https://scrapeme.live/wp-content/uploads/2018/08/448.png,Lucario,£102.00
https://scrapeme.live/shop/Riolu/,https://scrapeme.live/wp-content/uploads/2018/08/447.png,Riolu,£70.00
https://scrapeme.live/shop/Munchlax/,https://scrapeme.live/wp-content/uploads/2018/08/446.png,Munchlax,£190.00
https://scrapeme.live/shop/Mantine/,https://scrapeme.live/wp-content/uploads/2018/08/226.png,Mantine,£114.00
https://scrapeme.live/shop/Steenee/,https://scrapeme.live/wp-content/uploads/2018/08/762.png,Steenee,£27.00
https://scrapeme.live/shop/Bounsweet/,https://scrapeme.live/wp-content/uploads/2018/08/761.png,Bounsweet,£193.00
https://scrapeme.live/shop/Bewear/,https://scrapeme.live/wp-content/uploads/2018/08/760.png,Bewear,£117.00
https://scrapeme.live/shop/Stufful/,https://scrapeme.live/wp-content/uploads/2018/08/759.png,Stufful,£70.00
https://scrapeme.live/shop/Salazzle/,https://scrapeme.live/wp-content/uploads/2018/08/758.png,Salazzle,£166.00
https://scrapeme.live/shop/Salandit/,https://scrapeme.live/wp-content/uploads/2018/08/757.png,Salandit,£158.00
https://scrapeme.live/shop/Shiinotic/,https://scrapeme.live/wp-content/uploads/2018/08/756.png,Shiinotic,£75.00
https://scrapeme.live/shop/Morelull/,https://scrapeme.live/wp-content/uploads/2018/08/755.png,Morelull,£87.00
https://scrapeme.live/shop/Lurantis/,https://scrapeme.live/wp-content/uploads/2018/08/754.png,Lurantis,£159.00
https://scrapeme.live/shop/Fomantis/,https://scrapeme.live/wp-content/uploads/2018/08/753.png,Fomantis,£104.00
https://scrapeme.live/shop/Araquanid/,https://scrapeme.live/wp-content/uploads/2018/08/752.png,Araquanid,£48.00
https://scrapeme.live/shop/Dewpider/,https://scrapeme.live/wp-content/uploads/2018/08/751.png,Dewpider,£84.00
https://scrapeme.live/shop/Mudsdale/,https://scrapeme.live/wp-content/uploads/2018/08/750.png,Mudsdale,£111.00
https://scrapeme.live/shop/Mudbray/,https://scrapeme.live/wp-content/uploads/2018/08/749.png,Mudbray,£96.00
https://scrapeme.live/shop/Toxapex/,https://scrapeme.live/wp-content/uploads/2018/08/748.png,Toxapex,£91.00
https://scrapeme.live/shop/Ursaring/,https://scrapeme.live/wp-content/uploads/2018/08/217.png,Ursaring,£31.00
https://scrapeme.live/shop/Gabite/,https://scrapeme.live/wp-content/uploads/2018/08/444.png,Gabite,£154.00
https://scrapeme.live/shop/Gible/,https://scrapeme.live/wp-content/uploads/2018/08/443.png,Gible,£194.00
https://scrapeme.live/shop/Spiritomb/,https://scrapeme.live/wp-content/uploads/2018/08/442.png,Spiritomb,£165.00
https://scrapeme.live/shop/Chatot/,https://scrapeme.live/wp-content/uploads/2018/08/441.png,Chatot,£78.00
https://scrapeme.live/shop/Happiny/,https://scrapeme.live/wp-content/uploads/2018/08/440.png,Happiny,£67.00
https://scrapeme.live/shop/Mime-jr/,https://scrapeme.live/wp-content/uploads/2018/08/439.png,Mime-jr,£170.00
https://scrapeme.live/shop/Bonsly/,https://scrapeme.live/wp-content/uploads/2018/08/438.png,Bonsly,£106.00
https://scrapeme.live/shop/Bronzong/,https://scrapeme.live/wp-content/uploads/2018/08/437.png,Bronzong,£110.00
https://scrapeme.live/shop/Skuntank/,https://scrapeme.live/wp-content/uploads/2018/08/435.png,Skuntank,£112.00
https://scrapeme.live/shop/Stunky/,https://scrapeme.live/wp-content/uploads/2018/08/434.png,Stunky,£106.00
https://scrapeme.live/shop/Purugly/,https://scrapeme.live/wp-content/uploads/2018/08/432.png,Purugly,£128.00
https://scrapeme.live/shop/Glameow/,https://scrapeme.live/wp-content/uploads/2018/08/431.png,Glameow,£39.00
https://scrapeme.live/shop/Honchkrow/,https://scrapeme.live/wp-content/uploads/2018/08/430.png,Honchkrow,£47.00
https://scrapeme.live/shop/Mismagius/,https://scrapeme.live/wp-content/uploads/2018/08/429.png,Mismagius,£38.00
https://scrapeme.live/shop/Lopunny/,https://scrapeme.live/wp-content/uploads/2018/08/428.png,Lopunny,£123.00
https://scrapeme.live/shop/Snubbull/,https://scrapeme.live/wp-content/uploads/2018/08/209.png,Snubbull,£63.00
https://scrapeme.live/shop/Drifblim/,https://scrapeme.live/wp-content/uploads/2018/08/426.png,Drifblim,£36.00
https://scrapeme.live/shop/Drifloon/,https://scrapeme.live/wp-content/uploads/2018/08/425.png,Drifloon,£70.00
https://scrapeme.live/shop/Ambipom/,https://scrapeme.live/wp-content/uploads/2018/08/424.png,Ambipom,£36.00
https://scrapeme.live/shop/Gastrodon/,https://scrapeme.live/wp-content/uploads/2018/08/423.png,Gastrodon,£148.00
https://scrapeme.live/shop/Shellos/,https://scrapeme.live/wp-content/uploads/2018/08/422.png,Shellos,£163.00
https://scrapeme.live/shop/Cherrim/,https://scrapeme.live/wp-content/uploads/2018/08/421.png,Cherrim,£161.00
https://scrapeme.live/shop/Cherubi/,https://scrapeme.live/wp-content/uploads/2018/08/420.png,Cherubi,£101.00
https://scrapeme.live/shop/Floatzel/,https://scrapeme.live/wp-content/uploads/2018/08/419.png,Floatzel,£40.00
https://scrapeme.live/shop/Buizel/,https://scrapeme.live/wp-content/uploads/2018/08/418.png,Buizel,£55.00
https://scrapeme.live/shop/Pachirisu/,https://scrapeme.live/wp-content/uploads/2018/08/417.png,Pachirisu,£151.00
https://scrapeme.live/shop/Vespiquen/,https://scrapeme.live/wp-content/uploads/2018/08/416.png,Vespiquen,£104.00
https://scrapeme.live/shop/Combee/,https://scrapeme.live/wp-content/uploads/2018/08/415.png,Combee,£111.00
https://scrapeme.live/shop/Mothim/,https://scrapeme.live/wp-content/uploads/2018/08/414.png,Mothim,£177.00
https://scrapeme.live/shop/Burmy/,https://scrapeme.live/wp-content/uploads/2018/08/412.png,Burmy,£91.00
https://scrapeme.live/shop/Bastiodon/,https://scrapeme.live/wp-content/uploads/2018/08/411.png,Bastiodon,£191.00
https://scrapeme.live/shop/Murkrow/,https://scrapeme.live/wp-content/uploads/2018/08/198.png,Murkrow,£178.00
https://scrapeme.live/shop/Rampardos/,https://scrapeme.live/wp-content/uploads/2018/08/409.png,Rampardos,£196.00
https://scrapeme.live/shop/Cranidos/,https://scrapeme.live/wp-content/uploads/2018/08/408.png,Cranidos,£47.00
https://scrapeme.live/shop/Roserade/,https://scrapeme.live/wp-content/uploads/2018/08/407.png,Roserade,£155.00
https://scrapeme.live/shop/Budew/,https://scrapeme.live/wp-content/uploads/2018/08/406.png,Budew,£171.00
https://scrapeme.live/shop/Luxray/,https://scrapeme.live/wp-content/uploads/2018/08/405.png,Luxray,£43.00
https://scrapeme.live/shop/Luxio/,https://scrapeme.live/wp-content/uploads/2018/08/404.png,Luxio,£168.00
https://scrapeme.live/shop/Shinx/,https://scrapeme.live/wp-content/uploads/2018/08/403.png,Shinx,£149.00
https://scrapeme.live/shop/Kricketune/,https://scrapeme.live/wp-content/uploads/2018/08/402.png,Kricketune,£53.00
https://scrapeme.live/shop/Kricketot/,https://scrapeme.live/wp-content/uploads/2018/08/401.png,Kricketot,£94.00
https://scrapeme.live/shop/Bibarel/,https://scrapeme.live/wp-content/uploads/2018/08/400.png,Bibarel,£114.00
https://scrapeme.live/shop/Bidoof/,https://scrapeme.live/wp-content/uploads/2018/08/399.png,Bidoof,£128.00
https://scrapeme.live/shop/Staraptor/,https://scrapeme.live/wp-content/uploads/2018/08/398.png,Staraptor,£42.00
https://scrapeme.live/shop/Staravia/,https://scrapeme.live/wp-content/uploads/2018/08/397.png,Staravia,£158.00
https://scrapeme.live/shop/Starly/,https://scrapeme.live/wp-content/uploads/2018/08/396.png,Starly,£59.00
https://scrapeme.live/shop/Empoleon/,https://scrapeme.live/wp-content/uploads/2018/08/395.png,Empoleon,£42.00
https://scrapeme.live/shop/Aipom/,https://scrapeme.live/wp-content/uploads/2018/08/190.png,Aipom,£182.00
https://scrapeme.live/shop/Infernape/,https://scrapeme.live/wp-content/uploads/2018/08/392.png,Infernape,£165.00
https://scrapeme.live/shop/Monferno/,https://scrapeme.live/wp-content/uploads/2018/08/391.png,Monferno,£68.00
https://scrapeme.live/shop/Chimchar/,https://scrapeme.live/wp-content/uploads/2018/08/390.png,Chimchar,£143.00
https://scrapeme.live/shop/Torterra/,https://scrapeme.live/wp-content/uploads/2018/08/389.png,Torterra,£87.00
https://scrapeme.live/shop/Grotle/,https://scrapeme.live/wp-content/uploads/2018/08/388.png,Grotle,£154.00
https://scrapeme.live/shop/Turtwig/,https://scrapeme.live/wp-content/uploads/2018/08/387.png,Turtwig,£101.00
https://scrapeme.live/shop/Jirachi/,https://scrapeme.live/wp-content/uploads/2018/08/385.png,Jirachi,£111.00
https://scrapeme.live/shop/Rayquaza/,https://scrapeme.live/wp-content/uploads/2018/08/384.png,Rayquaza,£97.00
https://scrapeme.live/shop/Groudon/,https://scrapeme.live/wp-content/uploads/2018/08/383.png,Groudon,£124.00
https://scrapeme.live/shop/Kyogre/,https://scrapeme.live/wp-content/uploads/2018/08/382.png,Kyogre,£27.00
https://scrapeme.live/shop/Latios/,https://scrapeme.live/wp-content/uploads/2018/08/381.png,Latios,£166.00
https://scrapeme.live/shop/Latias/,https://scrapeme.live/wp-content/uploads/2018/08/380.png,Latias,£126.00
https://scrapeme.live/shop/Registeel/,https://scrapeme.live/wp-content/uploads/2018/08/379.png,Registeel,£196.00
https://scrapeme.live/shop/Regice/,https://scrapeme.live/wp-content/uploads/2018/08/378.png,Regice,£165.00
https://scrapeme.live/shop/Regirock/,https://scrapeme.live/wp-content/uploads/2018/08/377.png,Regirock,£66.00
https://scrapeme.live/shop/Bellossom/,https://scrapeme.live/wp-content/uploads/2018/08/182.png,Bellossom,£25.00
https://scrapeme.live/shop/Metang/,https://scrapeme.live/wp-content/uploads/2018/08/375.png,Metang,£78.00
https://scrapeme.live/shop/Beldum/,https://scrapeme.live/wp-content/uploads/2018/08/374.png,Beldum,£122.00
https://scrapeme.live/shop/Salamence/,https://scrapeme.live/wp-content/uploads/2018/08/373.png,Salamence,£62.00
https://scrapeme.live/shop/Shelgon/,https://scrapeme.live/wp-content/uploads/2018/08/372.png,Shelgon,£56.00
https://scrapeme.live/shop/Bagon/,https://scrapeme.live/wp-content/uploads/2018/08/371.png,Bagon,£34.00
https://scrapeme.live/shop/Luvdisc/,https://scrapeme.live/wp-content/uploads/2018/08/370.png,Luvdisc,£44.00
https://scrapeme.live/shop/Relicanth/,https://scrapeme.live/wp-content/uploads/2018/08/369.png,Relicanth,£157.00
https://scrapeme.live/shop/Gorebyss/,https://scrapeme.live/wp-content/uploads/2018/08/368.png,Gorebyss,£150.00
https://scrapeme.live/shop/Huntail/,https://scrapeme.live/wp-content/uploads/2018/08/367.png,Huntail,£52.00
https://scrapeme.live/shop/Clamperl/,https://scrapeme.live/wp-content/uploads/2018/08/366.png,Clamperl,£48.00
https://scrapeme.live/shop/Walrein/,https://scrapeme.live/wp-content/uploads/2018/08/365.png,Walrein,£27.00
https://scrapeme.live/shop/Sealeo/,https://scrapeme.live/wp-content/uploads/2018/08/364.png,Sealeo,£160.00
https://scrapeme.live/shop/Spheal/,https://scrapeme.live/wp-content/uploads/2018/08/363.png,Spheal,£193.00
https://scrapeme.live/shop/Glalie/,https://scrapeme.live/wp-content/uploads/2018/08/362.png,Glalie,£178.00
https://scrapeme.live/shop/Snorunt/,https://scrapeme.live/wp-content/uploads/2018/08/361.png,Snorunt,£82.00
https://scrapeme.live/shop/Igglybuff/,https://scrapeme.live/wp-content/uploads/2018/08/174.png,Igglybuff,£189.00
https://scrapeme.live/shop/Absol/,https://scrapeme.live/wp-content/uploads/2018/08/359.png,Absol,£134.00
https://scrapeme.live/shop/Chimecho/,https://scrapeme.live/wp-content/uploads/2018/08/358.png,Chimecho,£51.00
https://scrapeme.live/shop/Tropius/,https://scrapeme.live/wp-content/uploads/2018/08/357.png,Tropius,£196.00
https://scrapeme.live/shop/Dusclops/,https://scrapeme.live/wp-content/uploads/2018/08/356.png,Dusclops,£39.00
https://scrapeme.live/shop/Duskull/,https://scrapeme.live/wp-content/uploads/2018/08/355.png,Duskull,£139.00
https://scrapeme.live/shop/Banette/,https://scrapeme.live/wp-content/uploads/2018/08/354.png,Banette,£104.00
https://scrapeme.live/shop/Shuppet/,https://scrapeme.live/wp-content/uploads/2018/08/353.png,Shuppet,£174.00
https://scrapeme.live/shop/Kecleon/,https://scrapeme.live/wp-content/uploads/2018/08/352.png,Kecleon,£100.00
https://scrapeme.live/shop/Castform/,https://scrapeme.live/wp-content/uploads/2018/08/351.png,Castform,£119.00
https://scrapeme.live/shop/Milotic/,https://scrapeme.live/wp-content/uploads/2018/08/350.png,Milotic,£152.00
https://scrapeme.live/shop/Feebas/,https://scrapeme.live/wp-content/uploads/2018/08/349.png,Feebas,£194.00
https://scrapeme.live/shop/Armaldo/,https://scrapeme.live/wp-content/uploads/2018/08/348.png,Armaldo,£42.00
https://scrapeme.live/shop/Anorith/,https://scrapeme.live/wp-content/uploads/2018/08/347.png,Anorith,£64.00
https://scrapeme.live/shop/Cradily/,https://scrapeme.live/wp-content/uploads/2018/08/346.png,Cradily,£154.00
https://scrapeme.live/shop/Lileep/,https://scrapeme.live/wp-content/uploads/2018/08/345.png,Lileep,£87.00
https://scrapeme.live/shop/Ledian/,https://scrapeme.live/wp-content/uploads/2018/08/166.png,Ledian,£136.00
https://scrapeme.live/shop/Baltoy/,https://scrapeme.live/wp-content/uploads/2018/08/343.png,Baltoy,£167.00
https://scrapeme.live/shop/Crawdaunt/,https://scrapeme.live/wp-content/uploads/2018/08/342.png,Crawdaunt,£173.00
https://scrapeme.live/shop/Corphish/,https://scrapeme.live/wp-content/uploads/2018/08/341.png,Corphish,£178.00
https://scrapeme.live/shop/Whiscash/,https://scrapeme.live/wp-content/uploads/2018/08/340.png,Whiscash,£179.00
https://scrapeme.live/shop/Solrock/,https://scrapeme.live/wp-content/uploads/2018/08/338.png,Solrock,£57.00
https://scrapeme.live/shop/Lunatone/,https://scrapeme.live/wp-content/uploads/2018/08/337.png,Lunatone,£177.00
https://scrapeme.live/shop/Seviper/,https://scrapeme.live/wp-content/uploads/2018/08/336.png,Seviper,£107.00
https://scrapeme.live/shop/Altaria/,https://scrapeme.live/wp-content/uploads/2018/08/334.png,Altaria,£104.00
https://scrapeme.live/shop/Swablu/,https://scrapeme.live/wp-content/uploads/2018/08/333.png,Swablu,£121.00
https://scrapeme.live/shop/Cacturne/,https://scrapeme.live/wp-content/uploads/2018/08/332.png,Cacturne,£31.00
https://scrapeme.live/shop/Cacnea/,https://scrapeme.live/wp-content/uploads/2018/08/331.png,Cacnea,£105.00
https://scrapeme.live/shop/Flygon/,https://scrapeme.live/wp-content/uploads/2018/08/330.png,Flygon,£174.00
https://scrapeme.live/shop/Vibrava/,https://scrapeme.live/wp-content/uploads/2018/08/329.png,Vibrava,£200.00
https://scrapeme.live/shop/Trapinch/,https://scrapeme.live/wp-content/uploads/2018/08/328.png,Trapinch,£116.00
https://scrapeme.live/shop/Spinda/,https://scrapeme.live/wp-content/uploads/2018/08/327.png,Spinda,£149.00
https://scrapeme.live/shop/Snorlax/,https://scrapeme.live/wp-content/uploads/2018/08/143.png,Snorlax,£134.00
https://scrapeme.live/shop/Spoink/,https://scrapeme.live/wp-content/uploads/2018/08/325.png,Spoink,£163.00
https://scrapeme.live/shop/Torkoal/,https://scrapeme.live/wp-content/uploads/2018/08/324.png,Torkoal,£98.00
https://scrapeme.live/shop/Camerupt/,https://scrapeme.live/wp-content/uploads/2018/08/323.png,Camerupt,£124.00
https://scrapeme.live/shop/Numel/,https://scrapeme.live/wp-content/uploads/2018/08/322.png,Numel,£170.00
https://scrapeme.live/shop/Wailord/,https://scrapeme.live/wp-content/uploads/2018/08/321.png,Wailord,£150.00
https://scrapeme.live/shop/Wailmer/,https://scrapeme.live/wp-content/uploads/2018/08/320.png,Wailmer,£90.00
https://scrapeme.live/shop/Sharpedo/,https://scrapeme.live/wp-content/uploads/2018/08/319.png,Sharpedo,£129.00
https://scrapeme.live/shop/Carvanha/,https://scrapeme.live/wp-content/uploads/2018/08/318.png,Carvanha,£25.00
https://scrapeme.live/shop/Swalot/,https://scrapeme.live/wp-content/uploads/2018/08/317.png,Swalot,£130.00
https://scrapeme.live/shop/Gulpin/,https://scrapeme.live/wp-content/uploads/2018/08/316.png,Gulpin,£136.00
https://scrapeme.live/shop/Roselia/,https://scrapeme.live/wp-content/uploads/2018/08/315.png,Roselia,£90.00
https://scrapeme.live/shop/Illumise/,https://scrapeme.live/wp-content/uploads/2018/08/314.png,Illumise,£167.00
https://scrapeme.live/shop/Volbeat/,https://scrapeme.live/wp-content/uploads/2018/08/313.png,Volbeat,£123.00
https://scrapeme.live/shop/Minun/,https://scrapeme.live/wp-content/uploads/2018/08/312.png,Minun,£193.00
https://scrapeme.live/shop/Plusle/,https://scrapeme.live/wp-content/uploads/2018/08/311.png,Plusle,£56.00
https://scrapeme.live/shop/Jolteon/,https://scrapeme.live/wp-content/uploads/2018/08/135.png,Jolteon,£158.00
https://scrapeme.live/shop/Electrike/,https://scrapeme.live/wp-content/uploads/2018/08/309.png,Electrike,£145.00
https://scrapeme.live/shop/Medicham/,https://scrapeme.live/wp-content/uploads/2018/08/308.png,Medicham,£77.00
https://scrapeme.live/shop/Meditite/,https://scrapeme.live/wp-content/uploads/2018/08/307.png,Meditite,£97.00
https://scrapeme.live/shop/Aggron/,https://scrapeme.live/wp-content/uploads/2018/08/306.png,Aggron,£140.00
https://scrapeme.live/shop/Lairon/,https://scrapeme.live/wp-content/uploads/2018/08/305.png,Lairon,£70.00
https://scrapeme.live/shop/Ditto/,https://scrapeme.live/wp-content/uploads/2018/08/132.png,Ditto,£75.00
https://scrapeme.live/shop/Mawile/,https://scrapeme.live/wp-content/uploads/2018/08/303.png,Mawile,£119.00
https://scrapeme.live/shop/Sableye/,https://scrapeme.live/wp-content/uploads/2018/08/302.png,Sableye,£81.00
https://scrapeme.live/shop/Delcatty/,https://scrapeme.live/wp-content/uploads/2018/08/301.png,Delcatty,£170.00
https://scrapeme.live/shop/Skitty/,https://scrapeme.live/wp-content/uploads/2018/08/300.png,Skitty,£156.00
https://scrapeme.live/shop/Nosepass/,https://scrapeme.live/wp-content/uploads/2018/08/299.png,Nosepass,£41.00
https://scrapeme.live/shop/Azurill/,https://scrapeme.live/wp-content/uploads/2018/08/298.png,Azurill,£70.00
https://scrapeme.live/shop/Hariyama/,https://scrapeme.live/wp-content/uploads/2018/08/297.png,Hariyama,£176.00
https://scrapeme.live/shop/Makuhita/,https://scrapeme.live/wp-content/uploads/2018/08/296.png,Makuhita,£30.00
https://scrapeme.live/shop/Exploud/,https://scrapeme.live/wp-content/uploads/2018/08/295.png,Exploud,£161.00
https://scrapeme.live/shop/Pinsir/,https://scrapeme.live/wp-content/uploads/2018/08/127.png,Pinsir,£141.00
https://scrapeme.live/shop/Magmar/,https://scrapeme.live/wp-content/uploads/2018/08/126.png,Magmar,£130.00
https://scrapeme.live/shop/Swellow/,https://scrapeme.live/wp-content/uploads/2018/08/277.png,Swellow,£88.00
https://scrapeme.live/shop/Taillow/,https://scrapeme.live/wp-content/uploads/2018/08/276.png,Taillow,£85.00
https://scrapeme.live/shop/Shiftry/,https://scrapeme.live/wp-content/uploads/2018/08/275.png,Shiftry,£157.00
https://scrapeme.live/shop/Nuzleaf/,https://scrapeme.live/wp-content/uploads/2018/08/274.png,Nuzleaf,£26.00
https://scrapeme.live/shop/Sandslash/,https://scrapeme.live/wp-content/uploads/2018/08/028.png,Sandslash,£155.00
https://scrapeme.live/shop/Scyther/,https://scrapeme.live/wp-content/uploads/2018/08/123.png,Scyther,£85.00
https://scrapeme.live/shop/Lombre/,https://scrapeme.live/wp-content/uploads/2018/08/271.png,Lombre,£79.00
https://scrapeme.live/shop/Lotad/,https://scrapeme.live/wp-content/uploads/2018/08/270.png,Lotad,£161.00
https://scrapeme.live/shop/Dustox/,https://scrapeme.live/wp-content/uploads/2018/08/269.png,Dustox,£91.00
https://scrapeme.live/shop/Cascoon/,https://scrapeme.live/wp-content/uploads/2018/08/268.png,Cascoon,£166.00
https://scrapeme.live/shop/Beautifly/,https://scrapeme.live/wp-content/uploads/2018/08/267.png,Beautifly,£145.00
https://scrapeme.live/shop/Silcoon/,https://scrapeme.live/wp-content/uploads/2018/08/266.png,Silcoon,£80.00
https://scrapeme.live/shop/Wurmple/,https://scrapeme.live/wp-content/uploads/2018/08/265.png,Wurmple,£195.00
https://scrapeme.live/shop/Linoone/,https://scrapeme.live/wp-content/uploads/2018/08/264.png,Linoone,£81.00
https://scrapeme.live/shop/Zigzagoon/,https://scrapeme.live/wp-content/uploads/2018/08/263.png,Zigzagoon,£83.00
https://scrapeme.live/shop/Goldeen/,https://scrapeme.live/wp-content/uploads/2018/08/118.png,Goldeen,£170.00
https://scrapeme.live/shop/Poochyena/,https://scrapeme.live/wp-content/uploads/2018/08/261.png,Poochyena,£130.00
https://scrapeme.live/shop/Swampert/,https://scrapeme.live/wp-content/uploads/2018/08/260.png,Swampert,£144.00
https://scrapeme.live/shop/Marshtomp/,https://scrapeme.live/wp-content/uploads/2018/08/259.png,Marshtomp,£152.00
https://scrapeme.live/shop/Mudkip/,https://scrapeme.live/wp-content/uploads/2018/08/258.png,Mudkip,£140.00
https://scrapeme.live/shop/Horsea/,https://scrapeme.live/wp-content/uploads/2018/08/116.png,Horsea,£154.00
https://scrapeme.live/shop/Combusken/,https://scrapeme.live/wp-content/uploads/2018/08/256.png,Combusken,£68.00
https://scrapeme.live/shop/Torchic/,https://scrapeme.live/wp-content/uploads/2018/08/255.png,Torchic,£28.00
https://scrapeme.live/shop/Sceptile/,https://scrapeme.live/wp-content/uploads/2018/08/254.png,Sceptile,£37.00
https://scrapeme.live/shop/Grovyle/,https://scrapeme.live/wp-content/uploads/2018/08/253.png,Grovyle,£190.00
https://scrapeme.live/shop/Treecko/,https://scrapeme.live/wp-content/uploads/2018/08/252.png,Treecko,£96.00
https://scrapeme.live/shop/Celebi/,https://scrapeme.live/wp-content/uploads/2018/08/251.png,Celebi,£111.00
https://scrapeme.live/shop/Ho-oh/,https://scrapeme.live/wp-content/uploads/2018/08/250.png,Ho-oh,£91.00
https://scrapeme.live/shop/Lugia/,https://scrapeme.live/wp-content/uploads/2018/08/249.png,Lugia,£86.00
https://scrapeme.live/shop/Tyranitar/,https://scrapeme.live/wp-content/uploads/2018/08/248.png,Tyranitar,£190.00
https://scrapeme.live/shop/Pupitar/,https://scrapeme.live/wp-content/uploads/2018/08/247.png,Pupitar,£114.00
https://scrapeme.live/shop/Weezing/,https://scrapeme.live/wp-content/uploads/2018/08/110.png,Weezing,£48.00
https://scrapeme.live/shop/Magnemite/,https://scrapeme.live/wp-content/uploads/2018/08/081.png,Magnemite,£100.00
https://scrapeme.live/shop/Slowbro/,https://scrapeme.live/wp-content/uploads/2018/08/080.png,Slowbro,£179.00
https://scrapeme.live/shop/Slowpoke/,https://scrapeme.live/wp-content/uploads/2018/08/079.png,Slowpoke,£109.00
https://scrapeme.live/shop/Rapidash/,https://scrapeme.live/wp-content/uploads/2018/08/078.png,Rapidash,£98.00
https://scrapeme.live/shop/Ponyta/,https://scrapeme.live/wp-content/uploads/2018/08/077.png,Ponyta,£53.00
https://scrapeme.live/shop/Golem/,https://scrapeme.live/wp-content/uploads/2018/08/076.png,Golem,£103.00
https://scrapeme.live/shop/Graveler/,https://scrapeme.live/wp-content/uploads/2018/08/075.png,Graveler,£182.00
https://scrapeme.live/shop/Geodude/,https://scrapeme.live/wp-content/uploads/2018/08/074.png,Geodude,£32.00
https://scrapeme.live/shop/Tentacruel/,https://scrapeme.live/wp-content/uploads/2018/08/073.png,Tentacruel,£65.00
https://scrapeme.live/shop/Tentacool/,https://scrapeme.live/wp-content/uploads/2018/08/072.png,Tentacool,£186.00
https://scrapeme.live/shop/Victreebel/,https://scrapeme.live/wp-content/uploads/2018/08/071.png,Victreebel,£68.00
https://scrapeme.live/shop/Ekans/,https://scrapeme.live/wp-content/uploads/2018/08/023.png,Ekans,£55.00
https://scrapeme.live/shop/Golisopod/,https://scrapeme.live/wp-content/uploads/2018/08/768.png,Golisopod,£32.00
https://scrapeme.live/shop/Machamp/,https://scrapeme.live/wp-content/uploads/2018/08/068.png,Machamp,£121.00
https://scrapeme.live/shop/Machoke/,https://scrapeme.live/wp-content/uploads/2018/08/067.png,Machoke,£27.00
https://scrapeme.live/shop/Stakataka/,https://scrapeme.live/wp-content/uploads/2018/08/805.png,Stakataka,£190.00
https://scrapeme.live/shop/Naganadel/,https://scrapeme.live/wp-content/uploads/2018/08/804.png,Naganadel,£30.00
https://scrapeme.live/shop/Suicune/,https://scrapeme.live/wp-content/uploads/2018/08/245.png,Suicune,£68.00
https://scrapeme.live/shop/Entei/,https://scrapeme.live/wp-content/uploads/2018/08/244.png,Entei,£27.00
https://scrapeme.live/shop/Raikou/,https://scrapeme.live/wp-content/uploads/2018/08/243.png,Raikou,£66.00
https://scrapeme.live/shop/Voltorb/,https://scrapeme.live/wp-content/uploads/2018/08/100.png,Voltorb,£189.00
https://scrapeme.live/shop/Miltank/,https://scrapeme.live/wp-content/uploads/2018/08/241.png,Miltank,£26.00
https://scrapeme.live/shop/Magby/,https://scrapeme.live/wp-content/uploads/2018/08/240.png,Magby,£40.00
https://scrapeme.live/shop/Elekid/,https://scrapeme.live/wp-content/uploads/2018/08/239.png,Elekid,£104.00
https://scrapeme.live/shop/Smoochum/,https://scrapeme.live/wp-content/uploads/2018/08/238.png,Smoochum,£166.00
https://scrapeme.live/shop/Hitmontop/,https://scrapeme.live/wp-content/uploads/2018/08/237.png,Hitmontop,£149.00
https://scrapeme.live/shop/Tyrogue/,https://scrapeme.live/wp-content/uploads/2018/08/236.png,Tyrogue,£145.00
https://scrapeme.live/shop/Smeargle/,https://scrapeme.live/wp-content/uploads/2018/08/235.png,Smeargle,£151.00
https://scrapeme.live/shop/Kadabra/,https://scrapeme.live/wp-content/uploads/2018/08/064.png,Kadabra,£129.00
https://scrapeme.live/shop/Porygon2/,https://scrapeme.live/wp-content/uploads/2018/08/233.png,Porygon2,£151.00
https://scrapeme.live/shop/Donphan/,https://scrapeme.live/wp-content/uploads/2018/08/232.png,Donphan,£89.00
https://scrapeme.live/shop/Phanpy/,https://scrapeme.live/wp-content/uploads/2018/08/231.png,Phanpy,£129.00
https://scrapeme.live/shop/Poliwrath/,https://scrapeme.live/wp-content/uploads/2018/08/062.png,Poliwrath,£152.00
https://scrapeme.live/shop/Houndoom/,https://scrapeme.live/wp-content/uploads/2018/08/229.png,Houndoom,£78.00
https://scrapeme.live/shop/Houndour/,https://scrapeme.live/wp-content/uploads/2018/08/228.png,Houndour,£144.00
https://scrapeme.live/shop/Skarmory/,https://scrapeme.live/wp-content/uploads/2018/08/227.png,Skarmory,£199.00
https://scrapeme.live/shop/Poliwag/,https://scrapeme.live/wp-content/uploads/2018/08/060.png,Poliwag,£174.00
https://scrapeme.live/shop/Delibird/,https://scrapeme.live/wp-content/uploads/2018/08/225.png,Delibird,£121.00
https://scrapeme.live/shop/Octillery/,https://scrapeme.live/wp-content/uploads/2018/08/224.png,Octillery,£94.00
https://scrapeme.live/shop/Remoraid/,https://scrapeme.live/wp-content/uploads/2018/08/223.png,Remoraid,£122.00
https://scrapeme.live/shop/Corsola/,https://scrapeme.live/wp-content/uploads/2018/08/222.png,Corsola,£27.00
https://scrapeme.live/shop/Piloswine/,https://scrapeme.live/wp-content/uploads/2018/08/221.png,Piloswine,£84.00
https://scrapeme.live/shop/Swinub/,https://scrapeme.live/wp-content/uploads/2018/08/220.png,Swinub,£132.00
https://scrapeme.live/shop/Magcargo/,https://scrapeme.live/wp-content/uploads/2018/08/219.png,Magcargo,£36.00
https://scrapeme.live/shop/Mankey/,https://scrapeme.live/wp-content/uploads/2018/08/056.png,Mankey,£125.00
https://scrapeme.live/shop/Teddiursa/,https://scrapeme.live/wp-content/uploads/2018/08/216.png,Teddiursa,£173.00
https://scrapeme.live/shop/Sneasel/,https://scrapeme.live/wp-content/uploads/2018/08/215.png,Sneasel,£108.00
https://scrapeme.live/shop/Heracross/,https://scrapeme.live/wp-content/uploads/2018/08/214.png,Heracross,£143.00
https://scrapeme.live/shop/Psyduck/,https://scrapeme.live/wp-content/uploads/2018/08/054.png,Psyduck,£182.00
https://scrapeme.live/shop/Scizor/,https://scrapeme.live/wp-content/uploads/2018/08/212.png,Scizor,£172.00
https://scrapeme.live/shop/Qwilfish/,https://scrapeme.live/wp-content/uploads/2018/08/211.png,Qwilfish,£77.00
https://scrapeme.live/shop/Granbull/,https://scrapeme.live/wp-content/uploads/2018/08/210.png,Granbull,£59.00
https://scrapeme.live/shop/Meowth/,https://scrapeme.live/wp-content/uploads/2018/08/052.png,Meowth,£131.00
https://scrapeme.live/shop/Steelix/,https://scrapeme.live/wp-content/uploads/2018/08/208.png,Steelix,£116.00
https://scrapeme.live/shop/Gligar/,https://scrapeme.live/wp-content/uploads/2018/08/207.png,Gligar,£112.00
https://scrapeme.live/shop/Girafarig/,https://scrapeme.live/wp-content/uploads/2018/08/203.png,Girafarig,£99.00
https://scrapeme.live/shop/Wobbuffet/,https://scrapeme.live/wp-content/uploads/2018/08/202.png,Wobbuffet,£107.00
https://scrapeme.live/shop/Unown/,https://scrapeme.live/wp-content/uploads/2018/08/201.png,Unown,£198.00
https://scrapeme.live/shop/Misdreavus/,https://scrapeme.live/wp-content/uploads/2018/08/200.png,Misdreavus,£33.00
https://scrapeme.live/shop/Slowking/,https://scrapeme.live/wp-content/uploads/2018/08/199.png,Slowking,£174.00
https://scrapeme.live/shop/Onix/,https://scrapeme.live/wp-content/uploads/2018/08/095.png,Onix,£37.00
https://scrapeme.live/shop/Umbreon/,https://scrapeme.live/wp-content/uploads/2018/08/197.png,Umbreon,£78.00
https://scrapeme.live/shop/Espeon/,https://scrapeme.live/wp-content/uploads/2018/08/196.png,Espeon,£177.00
https://scrapeme.live/shop/Quagsire/,https://scrapeme.live/wp-content/uploads/2018/08/195.png,Quagsire,£37.00
https://scrapeme.live/shop/Haunter/,https://scrapeme.live/wp-content/uploads/2018/08/093.png,Haunter,£42.00
https://scrapeme.live/shop/Yanma/,https://scrapeme.live/wp-content/uploads/2018/08/193.png,Yanma,£130.00
https://scrapeme.live/shop/Sunflora/,https://scrapeme.live/wp-content/uploads/2018/08/192.png,Sunflora,£33.00
https://scrapeme.live/shop/Sunkern/,https://scrapeme.live/wp-content/uploads/2018/08/191.png,Sunkern,£150.00
https://scrapeme.live/shop/Cloyster/,https://scrapeme.live/wp-content/uploads/2018/08/091.png,Cloyster,£199.00
https://scrapeme.live/shop/Jumpluff/,https://scrapeme.live/wp-content/uploads/2018/08/189.png,Jumpluff,£107.00
https://scrapeme.live/shop/Skiploom/,https://scrapeme.live/wp-content/uploads/2018/08/188.png,Skiploom,£185.00
https://scrapeme.live/shop/Hoppip/,https://scrapeme.live/wp-content/uploads/2018/08/187.png,Hoppip,£107.00
https://scrapeme.live/shop/Politoed/,https://scrapeme.live/wp-content/uploads/2018/08/186.png,Politoed,£193.00
https://scrapeme.live/shop/Sudowoodo/,https://scrapeme.live/wp-content/uploads/2018/08/185.png,Sudowoodo,£54.00
https://scrapeme.live/shop/Azumarill/,https://scrapeme.live/wp-content/uploads/2018/08/184.png,Azumarill,£175.00
https://scrapeme.live/shop/Marill/,https://scrapeme.live/wp-content/uploads/2018/08/183.png,Marill,£127.00
https://scrapeme.live/shop/Dewgong/,https://scrapeme.live/wp-content/uploads/2018/08/087.png,Dewgong,£70.00
https://scrapeme.live/shop/Ampharos/,https://scrapeme.live/wp-content/uploads/2018/08/181.png,Ampharos,£41.00
https://scrapeme.live/shop/Flaaffy/,https://scrapeme.live/wp-content/uploads/2018/08/180.png,Flaaffy,£163.00
https://scrapeme.live/shop/Mareep/,https://scrapeme.live/wp-content/uploads/2018/08/179.png,Mareep,£79.00
https://scrapeme.live/shop/Dodrio/,https://scrapeme.live/wp-content/uploads/2018/08/085.png,Dodrio,£138.00
https://scrapeme.live/shop/Natu/,https://scrapeme.live/wp-content/uploads/2018/08/177.png,Natu,£99.00
https://scrapeme.live/shop/Togetic/,https://scrapeme.live/wp-content/uploads/2018/08/176.png,Togetic,£69.00
https://scrapeme.live/shop/Togepi/,https://scrapeme.live/wp-content/uploads/2018/08/175.png,Togepi,£47.00
https://scrapeme.live/shop/Farfetchd/,https://scrapeme.live/wp-content/uploads/2018/08/083.png,Farfetchd,£185.00
https://scrapeme.live/shop/Cleffa/,https://scrapeme.live/wp-content/uploads/2018/08/173.png,Cleffa,£107.00
https://scrapeme.live/shop/Pichu/,https://scrapeme.live/wp-content/uploads/2018/08/172.png,Pichu,£193.00
https://scrapeme.live/shop/Lanturn/,https://scrapeme.live/wp-content/uploads/2018/08/171.png,Lanturn,£131.00
https://scrapeme.live/shop/Chinchou/,https://scrapeme.live/wp-content/uploads/2018/08/170.png,Chinchou,£59.00
https://scrapeme.live/shop/Crobat/,https://scrapeme.live/wp-content/uploads/2018/08/169.png,Crobat,£195.00
https://scrapeme.live/shop/Ariados/,https://scrapeme.live/wp-content/uploads/2018/08/168.png,Ariados,£85.00
https://scrapeme.live/shop/Spinarak/,https://scrapeme.live/wp-content/uploads/2018/08/167.png,Spinarak,£199.00
https://scrapeme.live/shop/Necrozma/,https://scrapeme.live/wp-content/uploads/2018/08/800.png,Necrozma,£68.00
https://scrapeme.live/shop/Ledyba/,https://scrapeme.live/wp-content/uploads/2018/08/165.png,Ledyba,£98.00
https://scrapeme.live/shop/Noctowl/,https://scrapeme.live/wp-content/uploads/2018/08/164.png,Noctowl,£170.00
https://scrapeme.live/shop/Hoothoot/,https://scrapeme.live/wp-content/uploads/2018/08/163.png,Hoothoot,£48.00
https://scrapeme.live/shop/Kartana/,https://scrapeme.live/wp-content/uploads/2018/08/798.png,Kartana,£197.00
https://scrapeme.live/shop/Celesteela/,https://scrapeme.live/wp-content/uploads/2018/08/797.png,Celesteela,£151.00
https://scrapeme.live/shop/Zapdos/,https://scrapeme.live/wp-content/uploads/2018/08/145.png,Zapdos,£133.00
https://scrapeme.live/shop/Articuno/,https://scrapeme.live/wp-content/uploads/2018/08/144.png,Articuno,£77.00
https://scrapeme.live/shop/Xurkitree/,https://scrapeme.live/wp-content/uploads/2018/08/796.png,Xurkitree,£174.00
https://scrapeme.live/shop/Aerodactyl/,https://scrapeme.live/wp-content/uploads/2018/08/142.png,Aerodactyl,£56.00
https://scrapeme.live/shop/Kabutops/,https://scrapeme.live/wp-content/uploads/2018/08/141.png,Kabutops,£57.00
https://scrapeme.live/shop/Kabuto/,https://scrapeme.live/wp-content/uploads/2018/08/140.png,Kabuto,£79.00
https://scrapeme.live/shop/Omastar/,https://scrapeme.live/wp-content/uploads/2018/08/139.png,Omastar,£61.00
https://scrapeme.live/shop/Omanyte/,https://scrapeme.live/wp-content/uploads/2018/08/138.png,Omanyte,£162.00
https://scrapeme.live/shop/Porygon/,https://scrapeme.live/wp-content/uploads/2018/08/137.png,Porygon,£178.00
https://scrapeme.live/shop/Flareon/,https://scrapeme.live/wp-content/uploads/2018/08/136.png,Flareon,£34.00
https://scrapeme.live/shop/Lunala/,https://scrapeme.live/wp-content/uploads/2018/08/792.png,Lunala,£58.00
https://scrapeme.live/shop/Vaporeon/,https://scrapeme.live/wp-content/uploads/2018/08/134.png,Vaporeon,£147.00
https://scrapeme.live/shop/Eevee/,https://scrapeme.live/wp-content/uploads/2018/08/133.png,Eevee,£112.00
https://scrapeme.live/shop/Tapu-fini/,https://scrapeme.live/wp-content/uploads/2018/08/788.png,Tapu-fini,£123.00
https://scrapeme.live/shop/Lapras/,https://scrapeme.live/wp-content/uploads/2018/08/131.png,Lapras,£172.00
https://scrapeme.live/shop/Tapu-bulu/,https://scrapeme.live/wp-content/uploads/2018/08/787.png,Tapu-bulu,£165.00
https://scrapeme.live/shop/Magikarp/,https://scrapeme.live/wp-content/uploads/2018/08/129.png,Magikarp,£43.00
https://scrapeme.live/shop/Tauros/,https://scrapeme.live/wp-content/uploads/2018/08/128.png,Tauros,£63.00
https://scrapeme.live/shop/Tapu-lele/,https://scrapeme.live/wp-content/uploads/2018/08/786.png,Tapu-lele,£62.00
https://scrapeme.live/shop/Tapu-koko/,https://scrapeme.live/wp-content/uploads/2018/08/785.png,Tapu-koko,£159.00
https://scrapeme.live/shop/Electabuzz/,https://scrapeme.live/wp-content/uploads/2018/08/125.png,Electabuzz,£125.00
https://scrapeme.live/shop/Mightyena/,https://scrapeme.live/wp-content/uploads/2018/08/262.png,Mightyena,£175.00
https://scrapeme.live/shop/Hakamo-o/,https://scrapeme.live/wp-content/uploads/2018/08/783.png,Hakamo-o,£57.00
https://scrapeme.live/shop/Mr-mime/,https://scrapeme.live/wp-content/uploads/2018/08/122.png,Mr-mime,£144.00
https://scrapeme.live/shop/Starmie/,https://scrapeme.live/wp-content/uploads/2018/08/121.png,Starmie,£176.00
https://scrapeme.live/shop/Staryu/,https://scrapeme.live/wp-content/uploads/2018/08/120.png,Staryu,£166.00
https://scrapeme.live/shop/Seaking/,https://scrapeme.live/wp-content/uploads/2018/08/119.png,Seaking,£129.00
https://scrapeme.live/shop/Togedemaru/,https://scrapeme.live/wp-content/uploads/2018/08/777.png,Togedemaru,£45.00
https://scrapeme.live/shop/Seadra/,https://scrapeme.live/wp-content/uploads/2018/08/117.png,Seadra,£51.00
https://scrapeme.live/shop/Turtonator/,https://scrapeme.live/wp-content/uploads/2018/08/776.png,Turtonator,£117.00
https://scrapeme.live/shop/Kangaskhan/,https://scrapeme.live/wp-content/uploads/2018/08/115.png,Kangaskhan,£164.00
https://scrapeme.live/shop/Komala/,https://scrapeme.live/wp-content/uploads/2018/08/775.png,Komala,£65.00
https://scrapeme.live/shop/Chansey/,https://scrapeme.live/wp-content/uploads/2018/08/113.png,Chansey,£176.00
https://scrapeme.live/shop/Rhydon/,https://scrapeme.live/wp-content/uploads/2018/08/112.png,Rhydon,£27.00
https://scrapeme.live/shop/Rhyhorn/,https://scrapeme.live/wp-content/uploads/2018/08/111.png,Rhyhorn,£124.00
https://scrapeme.live/shop/Pyukumuku/,https://scrapeme.live/wp-content/uploads/2018/08/771.png,Pyukumuku,£97.00
https://scrapeme.live/shop/Koffing/,https://scrapeme.live/wp-content/uploads/2018/08/109.png,Koffing,£38.00
https://scrapeme.live/shop/Lickitung/,https://scrapeme.live/wp-content/uploads/2018/08/108.png,Lickitung,£142.00
https://scrapeme.live/shop/Hitmonchan/,https://scrapeme.live/wp-content/uploads/2018/08/107.png,Hitmonchan,£91.00
https://scrapeme.live/shop/Hitmonlee/,https://scrapeme.live/wp-content/uploads/2018/08/106.png,Hitmonlee,£73.00
https://scrapeme.live/shop/Marowak/,https://scrapeme.live/wp-content/uploads/2018/08/105.png,Marowak,£36.00
https://scrapeme.live/shop/Loudred/,https://scrapeme.live/wp-content/uploads/2018/08/294.png,Loudred,£145.00
https://scrapeme.live/shop/Exeggutor/,https://scrapeme.live/wp-content/uploads/2018/08/103.png,Exeggutor,£68.00
https://scrapeme.live/shop/Exeggcute/,https://scrapeme.live/wp-content/uploads/2018/08/102.png,Exeggcute,£126.00
https://scrapeme.live/shop/Electrode/,https://scrapeme.live/wp-content/uploads/2018/08/101.png,Electrode,£100.00
https://scrapeme.live/shop/Passimian/,https://scrapeme.live/wp-content/uploads/2018/08/766.png,Passimian,£182.00
https://scrapeme.live/shop/Kingler/,https://scrapeme.live/wp-content/uploads/2018/08/099.png,Kingler,£72.00
https://scrapeme.live/shop/Oranguru/,https://scrapeme.live/wp-content/uploads/2018/08/765.png,Oranguru,£139.00
https://scrapeme.live/shop/Alakazam/,https://scrapeme.live/wp-content/uploads/2018/08/065.png,Alakazam,£40.00
https://scrapeme.live/shop/Comfey/,https://scrapeme.live/wp-content/uploads/2018/08/764.png,Comfey,£28.00
https://scrapeme.live/shop/Abra/,https://scrapeme.live/wp-content/uploads/2018/08/063.png,Abra,£141.00
https://scrapeme.live/shop/Spearow/,https://scrapeme.live/wp-content/uploads/2018/08/021.png,Spearow,£133.00
https://scrapeme.live/shop/Poliwhirl/,https://scrapeme.live/wp-content/uploads/2018/08/061.png,Poliwhirl,£121.00
https://scrapeme.live/shop/Wartortle/,https://scrapeme.live/wp-content/uploads/2018/08/008.png,Wartortle,£123.00
https://scrapeme.live/shop/Arcanine/,https://scrapeme.live/wp-content/uploads/2018/08/059.png,Arcanine,£69.00
https://scrapeme.live/shop/Growlithe/,https://scrapeme.live/wp-content/uploads/2018/08/058.png,Growlithe,£30.00
https://scrapeme.live/shop/Primeape/,https://scrapeme.live/wp-content/uploads/2018/08/057.png,Primeape,£86.00
https://scrapeme.live/shop/Venomoth/,https://scrapeme.live/wp-content/uploads/2018/08/049.png,Venomoth,£53.00
https://scrapeme.live/shop/Golduck/,https://scrapeme.live/wp-content/uploads/2018/08/055.png,Golduck,£31.00
https://scrapeme.live/shop/Venonat/,https://scrapeme.live/wp-content/uploads/2018/08/048.png,Venonat,£158.00
https://scrapeme.live/shop/Persian/,https://scrapeme.live/wp-content/uploads/2018/08/053.png,Persian,£200.00
https://scrapeme.live/shop/Parasect/,https://scrapeme.live/wp-content/uploads/2018/08/047.png,Parasect,£27.00
https://scrapeme.live/shop/Dugtrio/,https://scrapeme.live/wp-content/uploads/2018/08/051.png,Dugtrio,£111.00
https://scrapeme.live/shop/Hypno/,https://scrapeme.live/wp-content/uploads/2018/08/097.png,Hypno,£198.00
https://scrapeme.live/shop/Drowzee/,https://scrapeme.live/wp-content/uploads/2018/08/096.png,Drowzee,£40.00
https://scrapeme.live/shop/Vileplume/,https://scrapeme.live/wp-content/uploads/2018/08/045.png,Vileplume,£170.00
https://scrapeme.live/shop/Gengar/,https://scrapeme.live/wp-content/uploads/2018/08/094.png,Gengar,£149.00
https://scrapeme.live/shop/Gloom/,https://scrapeme.live/wp-content/uploads/2018/08/044.png,Gloom,£178.00
https://scrapeme.live/shop/Gastly/,https://scrapeme.live/wp-content/uploads/2018/08/092.png,Gastly,£179.00
https://scrapeme.live/shop/Oddish/,https://scrapeme.live/wp-content/uploads/2018/08/043.png,Oddish,£45.00
https://scrapeme.live/shop/Shellder/,https://scrapeme.live/wp-content/uploads/2018/08/090.png,Shellder,£138.00
https://scrapeme.live/shop/Muk/,https://scrapeme.live/wp-content/uploads/2018/08/089.png,Muk,£187.00
https://scrapeme.live/shop/Grimer/,https://scrapeme.live/wp-content/uploads/2018/08/088.png,Grimer,£147.00
https://scrapeme.live/shop/Zubat/,https://scrapeme.live/wp-content/uploads/2018/08/041.png,Zubat,£125.00
https://scrapeme.live/shop/Seel/,https://scrapeme.live/wp-content/uploads/2018/08/086.png,Seel,£164.00
https://scrapeme.live/shop/Wigglytuff/,https://scrapeme.live/wp-content/uploads/2018/08/040.png,Wigglytuff,£130.00
https://scrapeme.live/shop/Doduo/,https://scrapeme.live/wp-content/uploads/2018/08/084.png,Doduo,£73.00
https://scrapeme.live/shop/Kommo-o/,https://scrapeme.live/wp-content/uploads/2018/08/784.png,Kommo-o,£170.00
https://scrapeme.live/shop/Jigglypuff/,https://scrapeme.live/wp-content/uploads/2018/08/039.png,Jigglypuff,£61.00
https://scrapeme.live/shop/Ninetales/,https://scrapeme.live/wp-content/uploads/2018/08/038.png,Ninetales,£52.00
https://scrapeme.live/shop/Vulpix/,https://scrapeme.live/wp-content/uploads/2018/08/037.png,Vulpix,£85.00
https://scrapeme.live/shop/Guzzlord/,https://scrapeme.live/wp-content/uploads/2018/08/799.png,Guzzlord,£73.00
https://scrapeme.live/shop/Beedrill/,https://scrapeme.live/wp-content/uploads/2018/08/015.png,Beedrill,£168.00
https://scrapeme.live/shop/Clefable/,https://scrapeme.live/wp-content/uploads/2018/08/036.png,Clefable,£188.00
https://scrapeme.live/shop/Clefairy/,https://scrapeme.live/wp-content/uploads/2018/08/035.png,Clefairy,£160.00
https://scrapeme.live/shop/Pheromosa/,https://scrapeme.live/wp-content/uploads/2018/08/795.png,Pheromosa,£62.00
https://scrapeme.live/shop/Buzzwole/,https://scrapeme.live/wp-content/uploads/2018/08/794.png,Buzzwole,£172.00
https://scrapeme.live/shop/Nihilego/,https://scrapeme.live/wp-content/uploads/2018/08/793.png,Nihilego,£67.00
https://scrapeme.live/shop/Nidorino/,https://scrapeme.live/wp-content/uploads/2018/08/033.png,Nidorino,£179.00
https://scrapeme.live/shop/Solgaleo/,https://scrapeme.live/wp-content/uploads/2018/08/791.png,Solgaleo,£125.00
https://scrapeme.live/shop/Weedle/,https://scrapeme.live/wp-content/uploads/2018/08/013.png,Weedle,£25.00
https://scrapeme.live/shop/Nidoqueen/,https://scrapeme.live/wp-content/uploads/2018/08/031.png,Nidoqueen,£106.00
https://scrapeme.live/shop/Butterfree/,https://scrapeme.live/wp-content/uploads/2018/08/012.png,Butterfree,£162.00
https://scrapeme.live/shop/Nidorina/,https://scrapeme.live/wp-content/uploads/2018/08/030.png,Nidorina,£28.00
https://scrapeme.live/shop/Manectric/,https://scrapeme.live/wp-content/uploads/2018/08/310.png,Manectric,£76.00
https://scrapeme.live/shop/Jangmo-o/,https://scrapeme.live/wp-content/uploads/2018/08/782.png,Jangmo-o,£107.00
https://scrapeme.live/shop/Drampa/,https://scrapeme.live/wp-content/uploads/2018/08/780.png,Drampa,£133.00
https://scrapeme.live/shop/Sandshrew/,https://scrapeme.live/wp-content/uploads/2018/08/027.png,Sandshrew,£82.00
https://scrapeme.live/shop/Metapod/,https://scrapeme.live/wp-content/uploads/2018/08/011.png,Metapod,£148.00
https://scrapeme.live/shop/Raichu/,https://scrapeme.live/wp-content/uploads/2018/08/026.png,Raichu,£140.00
https://scrapeme.live/shop/Silvally/,https://scrapeme.live/wp-content/uploads/2018/08/773.png,Silvally,£133.00
https://scrapeme.live/shop/Pikachu/,https://scrapeme.live/wp-content/uploads/2018/08/025.png,Pikachu,£37.00
https://scrapeme.live/shop/Palossand/,https://scrapeme.live/wp-content/uploads/2018/08/770.png,Palossand,£187.00
https://scrapeme.live/shop/Sandygast/,https://scrapeme.live/wp-content/uploads/2018/08/769.png,Sandygast,£131.00
https://scrapeme.live/shop/Accelgor/,https://scrapeme.live/wp-content/uploads/2018/08/617.png,Accelgor,£129.00
https://scrapeme.live/shop/Wimpod/,https://scrapeme.live/wp-content/uploads/2018/08/767.png,Wimpod,£137.00
https://scrapeme.live/shop/Blastoise/,https://scrapeme.live/wp-content/uploads/2018/08/009.png,Blastoise,£76.00
https://scrapeme.live/shop/Fearow/,https://scrapeme.live/wp-content/uploads/2018/08/022.png,Fearow,£95.00
https://scrapeme.live/shop/Serperior/,https://scrapeme.live/wp-content/uploads/2018/08/497.png,Serperior,£88.00
https://scrapeme.live/shop/Magneton/,https://scrapeme.live/wp-content/uploads/2018/08/082.png,Magneton,£191.00
https://scrapeme.live/shop/Bulbasaur/,https://scrapeme.live/wp-content/uploads/2018/08/001.png,Bulbasaur,£63.00
https://scrapeme.live/shop/Raticate/,https://scrapeme.live/wp-content/uploads/2018/08/020.png,Raticate,£60.00
https://scrapeme.live/shop/Squirtle/,https://scrapeme.live/wp-content/uploads/2018/08/007.png,Squirtle,£130.00
https://scrapeme.live/shop/Rattata/,https://scrapeme.live/wp-content/uploads/2018/08/019.png,Rattata,£128.00
https://scrapeme.live/shop/Pidgeot/,https://scrapeme.live/wp-content/uploads/2018/08/018.png,Pidgeot,£185.00
https://scrapeme.live/shop/Paras/,https://scrapeme.live/wp-content/uploads/2018/08/046.png,Paras,£168.00
https://scrapeme.live/shop/Marshadow/,https://scrapeme.live/wp-content/uploads/2018/08/802.png,Marshadow,£107.00
https://scrapeme.live/shop/Pidgeotto/,https://scrapeme.live/wp-content/uploads/2018/08/017.png,Pidgeotto,£84.00
https://scrapeme.live/shop/Charizard/,https://scrapeme.live/wp-content/uploads/2018/08/006.png,Charizard,£156.00
https://scrapeme.live/shop/Golbat/,https://scrapeme.live/wp-content/uploads/2018/08/042.png,Golbat,£136.00
https://scrapeme.live/shop/Krabby/,https://scrapeme.live/wp-content/uploads/2018/08/098.png,Krabby,£64.00
https://scrapeme.live/shop/Charmeleon/,https://scrapeme.live/wp-content/uploads/2018/08/005.png,Charmeleon,£165.00
https://scrapeme.live/shop/Poipole/,https://scrapeme.live/wp-content/uploads/2018/08/803.png,Poipole,£130.00
https://scrapeme.live/shop/Nidoking/,https://scrapeme.live/wp-content/uploads/2018/08/034.png,Nidoking,£31.00
https://scrapeme.live/shop/Machop/,https://scrapeme.live/wp-content/uploads/2018/08/066.png,Machop,£166.00
https://scrapeme.live/shop/Diglett/,https://scrapeme.live/wp-content/uploads/2018/08/050.png,Diglett,£122.00
https://scrapeme.live/shop/Charmander/,https://scrapeme.live/wp-content/uploads/2018/08/004.png,Charmander,£48.00
https://scrapeme.live/shop/Kakuna/,https://scrapeme.live/wp-content/uploads/2018/08/014.png,Kakuna,£148.00
https://scrapeme.live/shop/Venusaur/,https://scrapeme.live/wp-content/uploads/2018/08/003.png,Venusaur,£105.00
https://scrapeme.live/shop/Wingull/,https://scrapeme.live/wp-content/uploads/2018/08/278.png,Wingull,£153.00
https://scrapeme.live/shop/Tangela/,https://scrapeme.live/wp-content/uploads/2018/08/114.png,Tangela,£64.00
https://scrapeme.live/shop/Shieldon/,https://scrapeme.live/wp-content/uploads/2018/08/410.png,Shieldon,£42.00
https://scrapeme.live/shop/Ivysaur/,https://scrapeme.live/wp-content/uploads/2018/08/002.png,Ivysaur,£87.00
https://scrapeme.live/shop/Gyarados/,https://scrapeme.live/wp-content/uploads/2018/08/130.png,Gyarados,£79.00
https://scrapeme.live/shop/Caterpie/,https://scrapeme.live/wp-content/uploads/2018/08/010.png,Caterpie,£73.00
https://scrapeme.live/shop/Arbok/,https://scrapeme.live/wp-content/uploads/2018/08/024.png,Arbok,£182.00
https://scrapeme.live/shop/Deino/,https://scrapeme.live/wp-content/uploads/2018/08/633.png,Deino,£63.00
https://scrapeme.live/shop/Mareanie/,https://scrapeme.live/wp-content/uploads/2018/08/747.png,Mareanie,£47.00
https://scrapeme.live/shop/Trevenant/,https://scrapeme.live/wp-content/uploads/2018/08/709.png,Trevenant,£53.00
https://scrapeme.live/shop/Rotom/,https://scrapeme.live/wp-content/uploads/2018/08/479.png,Rotom,£42.00
https://scrapeme.live/shop/Garchomp/,https://scrapeme.live/wp-content/uploads/2018/08/445.png,Garchomp,£62.00
https://scrapeme.live/shop/Larvitar/,https://scrapeme.live/wp-content/uploads/2018/08/246.png,Larvitar,£26.00
https://scrapeme.live/shop/Blacephalon/,https://scrapeme.live/wp-content/uploads/2018/08/806.png,Blacephalon,£149.00
https://scrapeme.live/shop/Kingdra/,https://scrapeme.live/wp-content/uploads/2018/08/230.png,Kingdra,£124.00
https://scrapeme.live/shop/Wynaut/,https://scrapeme.live/wp-content/uploads/2018/08/360.png,Wynaut,£168.00
https://scrapeme.live/shop/Xatu/,https://scrapeme.live/wp-content/uploads/2018/08/178.png,Xatu,£123.00
https://scrapeme.live/shop/Wooper/,https://scrapeme.live/wp-content/uploads/2018/08/194.png,Wooper,£98.00
https://scrapeme.live/shop/Moltres/,https://scrapeme.live/wp-content/uploads/2018/08/146.png,Moltres,£178.00
https://scrapeme.live/shop/Carracosta/,https://scrapeme.live/wp-content/uploads/2018/08/565.png,Carracosta,£158.00
https://scrapeme.live/shop/Pansear/,https://scrapeme.live/wp-content/uploads/2018/08/513.png,Pansear,£194.00
https://scrapeme.live/shop/Shuckle/,https://scrapeme.live/wp-content/uploads/2018/08/213.png,Shuckle,£194.00
https://scrapeme.live/shop/Pidgey/,https://scrapeme.live/wp-content/uploads/2018/08/016.png,Pidgey,£159.00
https://scrapeme.live/shop/Furret/,https://scrapeme.live/wp-content/uploads/2018/08/162.png,Furret,£154.00
https://scrapeme.live/shop/Popplio/,https://scrapeme.live/wp-content/uploads/2018/08/728.png,Popplio,£158.00
https://scrapeme.live/shop/Tsareena/,https://scrapeme.live/wp-content/uploads/2018/08/763.png,Tsareena,£186.00
https://scrapeme.live/shop/Buneary/,https://scrapeme.live/wp-content/uploads/2018/08/427.png,Buneary,£180.00
https://scrapeme.live/shop/Metagross/,https://scrapeme.live/wp-content/uploads/2018/08/376.png,Metagross,£170.00
https://scrapeme.live/shop/Claydol/,https://scrapeme.live/wp-content/uploads/2018/08/344.png,Claydol,£197.00
https://scrapeme.live/shop/Excadrill/,https://scrapeme.live/wp-content/uploads/2018/08/530.png,Excadrill,£36.00
https://scrapeme.live/shop/Grumpig/,https://scrapeme.live/wp-content/uploads/2018/08/326.png,Grumpig,£182.00
https://scrapeme.live/shop/Whimsicott/,https://scrapeme.live/wp-content/uploads/2018/08/547.png,Whimsicott,£26.00
https://scrapeme.live/shop/Magnezone/,https://scrapeme.live/wp-content/uploads/2018/08/462.png,Magnezone,£190.00
https://scrapeme.live/shop/Prinplup/,https://scrapeme.live/wp-content/uploads/2018/08/394.png,Prinplup,£177.00
https://scrapeme.live/shop/Vanillite/,https://scrapeme.live/wp-content/uploads/2018/08/582.png,Vanillite,£108.00
https://scrapeme.live/shop/Clauncher/,https://scrapeme.live/wp-content/uploads/2018/08/692.png,Clauncher,£29.00
https://scrapeme.live/shop/Klang/,https://scrapeme.live/wp-content/uploads/2018/08/600.png,Klang,£162.00
.00
